/**
 * Copyright Amazon.com, Inc. or its affiliates. All Rights Reserved.
 * SPDX-License-Identifier: Apache-2.0.
 */

#include <aws/core/utils/memory/stl/AWSArray.h>
#include <aws/s3control/internal/S3ControlEndpointRules.h>

namespace Aws {
namespace S3Control {
const size_t S3ControlEndpointRules::RulesBlobStrLen = 12863;
const size_t S3ControlEndpointRules::RulesBlobSize = 12863;

using RulesBlobT = Aws::Array<const char, S3ControlEndpointRules::RulesBlobSize>;
static constexpr RulesBlobT RulesBlob = {
    {'\x52', '\x44', '\x50', '\x45', '\x4a', '\x15', '\x00', '\x00', '\x31', '\x2e', '\x31', '\x24', '\x24', '\x52', '\x65', '\x67', '\x69',
     '\x6f', '\x6e', '\x24', '\x24', '\x41', '\x57', '\x53', '\x3a', '\x3a', '\x52', '\x65', '\x67', '\x69', '\x6f', '\x6e', '\x24', '\x24',
     '\x55', '\x73', '\x65', '\x46', '\x49', '\x50', '\x53', '\x24', '\x24', '\x41', '\x57', '\x53', '\x3a', '\x3a', '\x55', '\x73', '\x65',
     '\x46', '\x49', '\x50', '\x53', '\x24', '\x24', '\x55', '\x73', '\x65', '\x44', '\x75', '\x61', '\x6c', '\x53', '\x74', '\x61', '\x63',
     '\x6b', '\x24', '\x24', '\x41', '\x57', '\x53', '\x3a', '\x3a', '\x55', '\x73', '\x65', '\x44', '\x75', '\x61', '\x6c', '\x53', '\x74',
     '\x61', '\x63', '\x6b', '\x24', '\x24', '\x45', '\x6e', '\x64', '\x70', '\x6f', '\x69', '\x6e', '\x74', '\x24', '\x24', '\x53', '\x44',
     '\x4b', '\x3a', '\x3a', '\x45', '\x6e', '\x64', '\x70', '\x6f', '\x69', '\x6e', '\x74', '\x24', '\x24', '\x41', '\x63', '\x63', '\x6f',
     '\x75', '\x6e', '\x74', '\x49', '\x64', '\x24', '\x24', '\x52', '\x65', '\x71', '\x75', '\x69', '\x72', '\x65', '\x73', '\x41', '\x63',
     '\x63', '\x6f', '\x75', '\x6e', '\x74', '\x49', '\x64', '\x24', '\x24', '\x4f', '\x75', '\x74', '\x70', '\x6f', '\x73', '\x74', '\x49',
     '\x64', '\x24', '\x24', '\x42', '\x75', '\x63', '\x6b', '\x65', '\x74', '\x24', '\x24', '\x41', '\x63', '\x63', '\x65', '\x73', '\x73',
     '\x50', '\x6f', '\x69', '\x6e', '\x74', '\x4e', '\x61', '\x6d', '\x65', '\x24', '\x24', '\x55', '\x73', '\x65', '\x41', '\x72', '\x6e',
     '\x52', '\x65', '\x67', '\x69', '\x6f', '\x6e', '\x24', '\x24', '\x41', '\x57', '\x53', '\x3a', '\x3a', '\x53', '\x33', '\x43', '\x6f',
     '\x6e', '\x74', '\x72', '\x6f', '\x6c', '\x3a', '\x3a', '\x55', '\x73', '\x65', '\x41', '\x72', '\x6e', '\x52', '\x65', '\x67', '\x69',
     '\x6f', '\x6e', '\x24', '\x24', '\x52', '\x65', '\x73', '\x6f', '\x75', '\x72', '\x63', '\x65', '\x41', '\x72', '\x6e', '\x24', '\x24',
     '\x55', '\x73', '\x65', '\x53', '\x33', '\x45', '\x78', '\x70', '\x72', '\x65', '\x73', '\x73', '\x43', '\x6f', '\x6e', '\x74', '\x72',
     '\x6f', '\x6c', '\x45', '\x6e', '\x64', '\x70', '\x6f', '\x69', '\x6e', '\x74', '\x24', '\x24', '\x70', '\x61', '\x72', '\x74', '\x69',
     '\x74', '\x69', '\x6f', '\x6e', '\x52', '\x65', '\x73', '\x75', '\x6c', '\x74', '\x24', '\x24', '\x6e', '\x61', '\x6d', '\x65', '\x24',
     '\x24', '\x61', '\x77', '\x73', '\x2d', '\x63', '\x6e', '\x24', '\x24', '\x72', '\x65', '\x73', '\x6f', '\x75', '\x72', '\x63', '\x65',
     '\x41', '\x72', '\x6e', '\x24', '\x24', '\x73', '\x65', '\x72', '\x76', '\x69', '\x63', '\x65', '\x24', '\x24', '\x73', '\x33', '\x65',
     '\x78', '\x70', '\x72', '\x65', '\x73', '\x73', '\x24', '\x24', '\x72', '\x65', '\x67', '\x69', '\x6f', '\x6e', '\x24', '\x24', '\x61',
     '\x72', '\x6e', '\x50', '\x61', '\x72', '\x74', '\x69', '\x74', '\x69', '\x6f', '\x6e', '\x5f', '\x73', '\x73', '\x61', '\x5f', '\x33',
     '\x24', '\x24', '\x75', '\x72', '\x6c', '\x24', '\x24', '\x2d', '\x2d', '\x78', '\x61', '\x2d', '\x73', '\x33', '\x24', '\x24', '\x2d',
     '\x2d', '\x24', '\x24', '\x73', '\x6e', '\x6f', '\x77', '\x24', '\x24', '\x61', '\x63', '\x63', '\x65', '\x73', '\x73', '\x50', '\x6f',
     '\x69', '\x6e', '\x74', '\x41', '\x72', '\x6e', '\x24', '\x24', '\x72', '\x65', '\x73', '\x6f', '\x75', '\x72', '\x63', '\x65', '\x49',
     '\x64', '\x5b', '\x30', '\x5d', '\x24', '\x24', '\x61', '\x72', '\x6e', '\x54', '\x79', '\x70', '\x65', '\x5f', '\x73', '\x73', '\x61',
     '\x5f', '\x31', '\x24', '\x24', '\x62', '\x75', '\x63', '\x6b', '\x65', '\x74', '\x41', '\x72', '\x6e', '\x24', '\x24', '\x61', '\x72',
     '\x6e', '\x54', '\x79', '\x70', '\x65', '\x5f', '\x73', '\x73', '\x61', '\x5f', '\x32', '\x24', '\x24', '\x73', '\x33', '\x2d', '\x6f',
     '\x75', '\x74', '\x70', '\x6f', '\x73', '\x74', '\x73', '\x24', '\x24', '\x72', '\x65', '\x73', '\x6f', '\x75', '\x72', '\x63', '\x65',
     '\x49', '\x64', '\x5b', '\x31', '\x5d', '\x24', '\x24', '\x6f', '\x75', '\x74', '\x70', '\x6f', '\x73', '\x74', '\x49', '\x64', '\x5f',
     '\x73', '\x73', '\x61', '\x5f', '\x32', '\x24', '\x24', '\x6f', '\x75', '\x74', '\x70', '\x6f', '\x73', '\x74', '\x49', '\x64', '\x5f',
     '\x73', '\x73', '\x61', '\x5f', '\x31', '\x24', '\x24', '\x61', '\x63', '\x63', '\x6f', '\x75', '\x6e', '\x74', '\x49', '\x64', '\x24',
     '\x24', '\x61', '\x72', '\x6e', '\x50', '\x61', '\x72', '\x74', '\x69', '\x74', '\x69', '\x6f', '\x6e', '\x5f', '\x73', '\x73', '\x61',
     '\x5f', '\x32', '\x24', '\x24', '\x61', '\x72', '\x6e', '\x50', '\x61', '\x72', '\x74', '\x69', '\x74', '\x69', '\x6f', '\x6e', '\x5f',
     '\x73', '\x73', '\x61', '\x5f', '\x31', '\x24', '\x24', '\x72', '\x65', '\x73', '\x6f', '\x75', '\x72', '\x63', '\x65', '\x49', '\x64',
     '\x5b', '\x32', '\x5d', '\x24', '\x24', '\x6f', '\x75', '\x74', '\x70', '\x6f', '\x73', '\x74', '\x54', '\x79', '\x70', '\x65', '\x5f',
     '\x73', '\x73', '\x61', '\x5f', '\x31', '\x24', '\x24', '\x72', '\x65', '\x73', '\x6f', '\x75', '\x72', '\x63', '\x65', '\x49', '\x64',
     '\x5b', '\x33', '\x5d', '\x24', '\x24', '\x61', '\x63', '\x63', '\x65', '\x73', '\x73', '\x70', '\x6f', '\x69', '\x6e', '\x74', '\x24',
     '\x24', '\x6f', '\x75', '\x74', '\x70', '\x6f', '\x73', '\x74', '\x54', '\x79', '\x70', '\x65', '\x5f', '\x73', '\x73', '\x61', '\x5f',
     '\x32', '\x24', '\x24', '\x62', '\x75', '\x63', '\x6b', '\x65', '\x74', '\x24', '\x24', '\x50', '\x61', '\x72', '\x74', '\x69', '\x74',
     '\x69', '\x6f', '\x6e', '\x20', '\x64', '\x6f', '\x65', '\x73', '\x20', '\x6e', '\x6f', '\x74', '\x20', '\x73', '\x75', '\x70', '\x70',
     '\x6f', '\x72', '\x74', '\x20', '\x46', '\x49', '\x50', '\x53', '\x24', '\x24', '\x41', '\x63', '\x63', '\x6f', '\x75', '\x6e', '\x74',
     '\x49', '\x64', '\x20', '\x69', '\x73', '\x20', '\x72', '\x65', '\x71', '\x75', '\x69', '\x72', '\x65', '\x64', '\x20', '\x62', '\x75',
     '\x74', '\x20', '\x6e', '\x6f', '\x74', '\x20', '\x73', '\x65', '\x74', '\x24', '\x24', '\x41', '\x63', '\x63', '\x6f', '\x75', '\x6e',
     '\x74', '\x49', '\x64', '\x20', '\x6d', '\x75', '\x73', '\x74', '\x20', '\x6f', '\x6e', '\x6c', '\x79', '\x20', '\x63', '\x6f', '\x6e',
     '\x74', '\x61', '\x69', '\x6e', '\x20', '\x61', '\x2d', '\x7a', '\x2c', '\x20', '\x41', '\x2d', '\x5a', '\x2c', '\x20', '\x30', '\x2d',
     '\x39', '\x20', '\x61', '\x6e', '\x64', '\x20', '\x60', '\x2d', '\x60', '\x2e', '\x24', '\x24', '\x4f', '\x75', '\x74', '\x70', '\x6f',
     '\x73', '\x74', '\x49', '\x64', '\x20', '\x6d', '\x75', '\x73', '\x74', '\x20', '\x6f', '\x6e', '\x6c', '\x79', '\x20', '\x63', '\x6f',
     '\x6e', '\x74', '\x61', '\x69', '\x6e', '\x20', '\x61', '\x2d', '\x7a', '\x2c', '\x20', '\x41', '\x2d', '\x5a', '\x2c', '\x20', '\x30',
     '\x2d', '\x39', '\x20', '\x61', '\x6e', '\x64', '\x20', '\x60', '\x2d', '\x60', '\x2e', '\x24', '\x24', '\x49', '\x6e', '\x76', '\x61',
     '\x6c', '\x69', '\x64', '\x20', '\x43', '\x6f', '\x6e', '\x66', '\x69', '\x67', '\x75', '\x72', '\x61', '\x74', '\x69', '\x6f', '\x6e',
     '\x3a', '\x20', '\x44', '\x75', '\x61', '\x6c', '\x53', '\x74', '\x61', '\x63', '\x6b', '\x20', '\x61', '\x6e', '\x64', '\x20', '\x63',
     '\x75', '\x73', '\x74', '\x6f', '\x6d', '\x20', '\x65', '\x6e', '\x64', '\x70', '\x6f', '\x69', '\x6e', '\x74', '\x20', '\x61', '\x72',
     '\x65', '\x20', '\x6e', '\x6f', '\x74', '\x20', '\x73', '\x75', '\x70', '\x70', '\x6f', '\x72', '\x74', '\x65', '\x64', '\x24', '\x24',
     '\x7b', '\x75', '\x72', '\x6c', '\x23', '\x73', '\x63', '\x68', '\x65', '\x6d', '\x65', '\x7d', '\x3a', '\x2f', '\x2f', '\x7b', '\x75',
     '\x72', '\x6c', '\x23', '\x61', '\x75', '\x74', '\x68', '\x6f', '\x72', '\x69', '\x74', '\x79', '\x7d', '\x7b', '\x75', '\x72', '\x6c',
     '\x23', '\x70', '\x61', '\x74', '\x68', '\x7d', '\x24', '\x24', '\x7b', '\x22', '\x61', '\x75', '\x74', '\x68', '\x53', '\x63', '\x68',
     '\x65', '\x6d', '\x65', '\x73', '\x22', '\x3a', '\x5b', '\x7b', '\x22', '\x64', '\x69', '\x73', '\x61', '\x62', '\x6c', '\x65', '\x44',
     '\x6f', '\x75', '\x62', '\x6c', '\x65', '\x45', '\x6e', '\x63', '\x6f', '\x64', '\x69', '\x6e', '\x67', '\x22', '\x3a', '\x74', '\x72',
     '\x75', '\x65', '\x2c', '\x22', '\x6e', '\x61', '\x6d', '\x65', '\x22', '\x3a', '\x22', '\x73', '\x69', '\x67', '\x76', '\x34', '\x22',
     '\x2c', '\x22', '\x73', '\x69', '\x67', '\x6e', '\x69', '\x6e', '\x67', '\x4e', '\x61', '\x6d', '\x65', '\x22', '\x3a', '\x22', '\x73',
     '\x33', '\x2d', '\x6f', '\x75', '\x74', '\x70', '\x6f', '\x73', '\x74', '\x73', '\x22', '\x2c', '\x22', '\x73', '\x69', '\x67', '\x6e',
     '\x69', '\x6e', '\x67', '\x52', '\x65', '\x67', '\x69', '\x6f', '\x6e', '\x22', '\x3a', '\x22', '\x7b', '\x52', '\x65', '\x67', '\x69',
     '\x6f', '\x6e', '\x7d', '\x22', '\x7d', '\x5d', '\x7d', '\x24', '\x24', '\x68', '\x74', '\x74', '\x70', '\x73', '\x3a', '\x2f', '\x2f',
     '\x73', '\x33', '\x2d', '\x6f', '\x75', '\x74', '\x70', '\x6f', '\x73', '\x74', '\x73', '\x2d', '\x66', '\x69', '\x70', '\x73', '\x2e',
     '\x7b', '\x52', '\x65', '\x67', '\x69', '\x6f', '\x6e', '\x7d', '\x2e', '\x7b', '\x70', '\x61', '\x72', '\x74', '\x69', '\x74', '\x69',
     '\x6f', '\x6e', '\x52', '\x65', '\x73', '\x75', '\x6c', '\x74', '\x23', '\x64', '\x75', '\x61', '\x6c', '\x53', '\x74', '\x61', '\x63',
     '\x6b', '\x44', '\x6e', '\x73', '\x53', '\x75', '\x66', '\x66', '\x69', '\x78', '\x7d', '\x24', '\x24', '\x68', '\x74', '\x74', '\x70',
     '\x73', '\x3a', '\x2f', '\x2f', '\x73', '\x33', '\x2d', '\x6f', '\x75', '\x74', '\x70', '\x6f', '\x73', '\x74', '\x73', '\x2d', '\x66',
     '\x69', '\x70', '\x73', '\x2e', '\x7b', '\x52', '\x65', '\x67', '\x69', '\x6f', '\x6e', '\x7d', '\x2e', '\x7b', '\x70', '\x61', '\x72',
     '\x74', '\x69', '\x74', '\x69', '\x6f', '\x6e', '\x52', '\x65', '\x73', '\x75', '\x6c', '\x74', '\x23', '\x64', '\x6e', '\x73', '\x53',
     '\x75', '\x66', '\x66', '\x69', '\x78', '\x7d', '\x24', '\x24', '\x68', '\x74', '\x74', '\x70', '\x73', '\x3a', '\x2f', '\x2f', '\x73',
     '\x33', '\x2d', '\x6f', '\x75', '\x74', '\x70', '\x6f', '\x73', '\x74', '\x73', '\x2e', '\x7b', '\x52', '\x65', '\x67', '\x69', '\x6f',
     '\x6e', '\x7d', '\x2e', '\x7b', '\x70', '\x61', '\x72', '\x74', '\x69', '\x74', '\x69', '\x6f', '\x6e', '\x52', '\x65', '\x73', '\x75',
     '\x6c', '\x74', '\x23', '\x64', '\x75', '\x61', '\x6c', '\x53', '\x74', '\x61', '\x63', '\x6b', '\x44', '\x6e', '\x73', '\x53', '\x75',
     '\x66', '\x66', '\x69', '\x78', '\x7d', '\x24', '\x24', '\x68', '\x74', '\x74', '\x70', '\x73', '\x3a', '\x2f', '\x2f', '\x73', '\x33',
     '\x2d', '\x6f', '\x75', '\x74', '\x70', '\x6f', '\x73', '\x74', '\x73', '\x2e', '\x7b', '\x52', '\x65', '\x67', '\x69', '\x6f', '\x6e',
     '\x7d', '\x2e', '\x7b', '\x70', '\x61', '\x72', '\x74', '\x69', '\x74', '\x69', '\x6f', '\x6e', '\x52', '\x65', '\x73', '\x75', '\x6c',
     '\x74', '\x23', '\x64', '\x6e', '\x73', '\x53', '\x75', '\x66', '\x66', '\x69', '\x78', '\x7d', '\x24', '\x24', '\x49', '\x6e', '\x76',
     '\x61', '\x6c', '\x69', '\x64', '\x20', '\x72', '\x65', '\x67', '\x69', '\x6f', '\x6e', '\x3a', '\x20', '\x72', '\x65', '\x67', '\x69',
     '\x6f', '\x6e', '\x20', '\x77', '\x61', '\x73', '\x20', '\x6e', '\x6f', '\x74', '\x20', '\x61', '\x20', '\x76', '\x61', '\x6c', '\x69',
     '\x64', '\x20', '\x44', '\x4e', '\x53', '\x20', '\x6e', '\x61', '\x6d', '\x65', '\x2e', '\x24', '\x24', '\x49', '\x6e', '\x76', '\x61',
     '\x6c', '\x69', '\x64', '\x20', '\x63', '\x6f', '\x6e', '\x66', '\x69', '\x67', '\x75', '\x72', '\x61', '\x74', '\x69', '\x6f', '\x6e',
     '\x3a', '\x20', '\x72', '\x65', '\x67', '\x69', '\x6f', '\x6e', '\x20', '\x66', '\x72', '\x6f', '\x6d', '\x20', '\x41', '\x52', '\x4e',
     '\x20', '\x60', '\x7b', '\x72', '\x65', '\x73', '\x6f', '\x75', '\x72', '\x63', '\x65', '\x41', '\x72', '\x6e', '\x23', '\x72', '\x65',
     '\x67', '\x69', '\x6f', '\x6e', '\x7d', '\x60', '\x20', '\x64', '\x6f', '\x65', '\x73', '\x20', '\x6e', '\x6f', '\x74', '\x20', '\x6d',
     '\x61', '\x74', '\x63', '\x68', '\x20', '\x63', '\x6c', '\x69', '\x65', '\x6e', '\x74', '\x20', '\x72', '\x65', '\x67', '\x69', '\x6f',
     '\x6e', '\x20', '\x60', '\x7b', '\x52', '\x65', '\x67', '\x69', '\x6f', '\x6e', '\x7d', '\x60', '\x20', '\x61', '\x6e', '\x64', '\x20',
     '\x55', '\x73', '\x65', '\x41', '\x72', '\x6e', '\x52', '\x65', '\x67', '\x69', '\x6f', '\x6e', '\x20', '\x69', '\x73', '\x20', '\x60',
     '\x66', '\x61', '\x6c', '\x73', '\x65', '\x60', '\x24', '\x24', '\x53', '\x33', '\x45', '\x78', '\x70', '\x72', '\x65', '\x73', '\x73',
     '\x20', '\x64', '\x6f', '\x65', '\x73', '\x20', '\x6e', '\x6f', '\x74', '\x20', '\x73', '\x75', '\x70', '\x70', '\x6f', '\x72', '\x74',
     '\x20', '\x44', '\x75', '\x61', '\x6c', '\x2d', '\x73', '\x74', '\x61', '\x63', '\x6b', '\x2e', '\x24', '\x24', '\x7b', '\x75', '\x72',
     '\x6c', '\x23', '\x73', '\x63', '\x68', '\x65', '\x6d', '\x65', '\x7d', '\x3a', '\x2f', '\x2f', '\x7b', '\x75', '\x72', '\x6c', '\x23',
     '\x61', '\x75', '\x74', '\x68', '\x6f', '\x72', '\x69', '\x74', '\x79', '\x7d', '\x24', '\x24', '\x7b', '\x22', '\x61', '\x75', '\x74',
     '\x68', '\x53', '\x63', '\x68', '\x65', '\x6d', '\x65', '\x73', '\x22', '\x3a', '\x5b', '\x7b', '\x22', '\x64', '\x69', '\x73', '\x61',
     '\x62', '\x6c', '\x65', '\x44', '\x6f', '\x75', '\x62', '\x6c', '\x65', '\x45', '\x6e', '\x63', '\x6f', '\x64', '\x69', '\x6e', '\x67',
     '\x22', '\x3a', '\x74', '\x72', '\x75', '\x65', '\x2c', '\x22', '\x6e', '\x61', '\x6d', '\x65', '\x22', '\x3a', '\x22', '\x73', '\x69',
     '\x67', '\x76', '\x34', '\x22', '\x2c', '\x22', '\x73', '\x69', '\x67', '\x6e', '\x69', '\x6e', '\x67', '\x4e', '\x61', '\x6d', '\x65',
     '\x22', '\x3a', '\x22', '\x73', '\x33', '\x65', '\x78', '\x70', '\x72', '\x65', '\x73', '\x73', '\x22', '\x2c', '\x22', '\x73', '\x69',
     '\x67', '\x6e', '\x69', '\x6e', '\x67', '\x52', '\x65', '\x67', '\x69', '\x6f', '\x6e', '\x22', '\x3a', '\x22', '\x7b', '\x52', '\x65',
     '\x67', '\x69', '\x6f', '\x6e', '\x7d', '\x22', '\x7d', '\x5d', '\x7d', '\x24', '\x24', '\x68', '\x74', '\x74', '\x70', '\x73', '\x3a',
     '\x2f', '\x2f', '\x73', '\x33', '\x65', '\x78', '\x70', '\x72', '\x65', '\x73', '\x73', '\x2d', '\x63', '\x6f', '\x6e', '\x74', '\x72',
     '\x6f', '\x6c', '\x2d', '\x66', '\x69', '\x70', '\x73', '\x2e', '\x7b', '\x52', '\x65', '\x67', '\x69', '\x6f', '\x6e', '\x7d', '\x2e',
     '\x7b', '\x70', '\x61', '\x72', '\x74', '\x69', '\x74', '\x69', '\x6f', '\x6e', '\x52', '\x65', '\x73', '\x75', '\x6c', '\x74', '\x23',
     '\x64', '\x6e', '\x73', '\x53', '\x75', '\x66', '\x66', '\x69', '\x78', '\x7d', '\x24', '\x24', '\x68', '\x74', '\x74', '\x70', '\x73',
     '\x3a', '\x2f', '\x2f', '\x73', '\x33', '\x65', '\x78', '\x70', '\x72', '\x65', '\x73', '\x73', '\x2d', '\x63', '\x6f', '\x6e', '\x74',
     '\x72', '\x6f', '\x6c', '\x2e', '\x7b', '\x52', '\x65', '\x67', '\x69', '\x6f', '\x6e', '\x7d', '\x2e', '\x7b', '\x70', '\x61', '\x72',
     '\x74', '\x69', '\x74', '\x69', '\x6f', '\x6e', '\x52', '\x65', '\x73', '\x75', '\x6c', '\x74', '\x23', '\x64', '\x6e', '\x73', '\x53',
     '\x75', '\x66', '\x66', '\x69', '\x78', '\x7d', '\x24', '\x24', '\x43', '\x6c', '\x69', '\x65', '\x6e', '\x74', '\x20', '\x77', '\x61',
     '\x73', '\x20', '\x63', '\x6f', '\x6e', '\x66', '\x69', '\x67', '\x75', '\x72', '\x65', '\x64', '\x20', '\x66', '\x6f', '\x72', '\x20',
     '\x70', '\x61', '\x72', '\x74', '\x69', '\x74', '\x69', '\x6f', '\x6e', '\x20', '\x60', '\x7b', '\x70', '\x61', '\x72', '\x74', '\x69',
     '\x74', '\x69', '\x6f', '\x6e', '\x52', '\x65', '\x73', '\x75', '\x6c', '\x74', '\x23', '\x6e', '\x61', '\x6d', '\x65', '\x7d', '\x60',
     '\x20', '\x62', '\x75', '\x74', '\x20', '\x41', '\x52', '\x4e', '\x20', '\x68', '\x61', '\x73', '\x20', '\x60', '\x7b', '\x61', '\x72',
     '\x6e', '\x50', '\x61', '\x72', '\x74', '\x69', '\x74', '\x69', '\x6f', '\x6e', '\x5f', '\x73', '\x73', '\x61', '\x5f', '\x33', '\x23',
     '\x6e', '\x61', '\x6d', '\x65', '\x7d', '\x60', '\x24', '\x24', '\x55', '\x6e', '\x72', '\x65', '\x63', '\x6f', '\x67', '\x6e', '\x69',
     '\x7a', '\x65', '\x64', '\x20', '\x53', '\x33', '\x45', '\x78', '\x70', '\x72', '\x65', '\x73', '\x73', '\x20', '\x41', '\x63', '\x63',
     '\x65', '\x73', '\x73', '\x20', '\x50', '\x6f', '\x69', '\x6e', '\x74', '\x20', '\x6e', '\x61', '\x6d', '\x65', '\x20', '\x66', '\x6f',
     '\x72', '\x6d', '\x61', '\x74', '\x2e', '\x24', '\x24', '\x53', '\x33', '\x20', '\x53', '\x6e', '\x6f', '\x77', '\x20', '\x64', '\x6f',
     '\x65', '\x73', '\x20', '\x6e', '\x6f', '\x74', '\x20', '\x73', '\x75', '\x70', '\x70', '\x6f', '\x72', '\x74', '\x20', '\x44', '\x75',
     '\x61', '\x6c', '\x53', '\x74', '\x61', '\x63', '\x6b', '\x24', '\x24', '\x53', '\x33', '\x20', '\x53', '\x6e', '\x6f', '\x77', '\x20',
     '\x64', '\x6f', '\x65', '\x73', '\x20', '\x6e', '\x6f', '\x74', '\x20', '\x73', '\x75', '\x70', '\x70', '\x6f', '\x72', '\x74', '\x20',
     '\x46', '\x49', '\x50', '\x53', '\x24', '\x24', '\x7b', '\x22', '\x61', '\x75', '\x74', '\x68', '\x53', '\x63', '\x68', '\x65', '\x6d',
     '\x65', '\x73', '\x22', '\x3a', '\x5b', '\x7b', '\x22', '\x64', '\x69', '\x73', '\x61', '\x62', '\x6c', '\x65', '\x44', '\x6f', '\x75',
     '\x62', '\x6c', '\x65', '\x45', '\x6e', '\x63', '\x6f', '\x64', '\x69', '\x6e', '\x67', '\x22', '\x3a', '\x74', '\x72', '\x75', '\x65',
     '\x2c', '\x22', '\x6e', '\x61', '\x6d', '\x65', '\x22', '\x3a', '\x22', '\x73', '\x69', '\x67', '\x76', '\x34', '\x22', '\x2c', '\x22',
     '\x73', '\x69', '\x67', '\x6e', '\x69', '\x6e', '\x67', '\x4e', '\x61', '\x6d', '\x65', '\x22', '\x3a', '\x22', '\x73', '\x33', '\x22',
     '\x2c', '\x22', '\x73', '\x69', '\x67', '\x6e', '\x69', '\x6e', '\x67', '\x52', '\x65', '\x67', '\x69', '\x6f', '\x6e', '\x22', '\x3a',
     '\x22', '\x7b', '\x52', '\x65', '\x67', '\x69', '\x6f', '\x6e', '\x7d', '\x22', '\x7d', '\x5d', '\x7d', '\x24', '\x24', '\x49', '\x6e',
     '\x76', '\x61', '\x6c', '\x69', '\x64', '\x20', '\x63', '\x6f', '\x6e', '\x66', '\x69', '\x67', '\x75', '\x72', '\x61', '\x74', '\x69',
     '\x6f', '\x6e', '\x3a', '\x20', '\x72', '\x65', '\x67', '\x69', '\x6f', '\x6e', '\x20', '\x66', '\x72', '\x6f', '\x6d', '\x20', '\x41',
     '\x52', '\x4e', '\x20', '\x60', '\x7b', '\x61', '\x63', '\x63', '\x65', '\x73', '\x73', '\x50', '\x6f', '\x69', '\x6e', '\x74', '\x41',
     '\x72', '\x6e', '\x23', '\x72', '\x65', '\x67', '\x69', '\x6f', '\x6e', '\x7d', '\x60', '\x20', '\x64', '\x6f', '\x65', '\x73', '\x20',
     '\x6e', '\x6f', '\x74', '\x20', '\x6d', '\x61', '\x74', '\x63', '\x68', '\x20', '\x63', '\x6c', '\x69', '\x65', '\x6e', '\x74', '\x20',
     '\x72', '\x65', '\x67', '\x69', '\x6f', '\x6e', '\x20', '\x60', '\x7b', '\x52', '\x65', '\x67', '\x69', '\x6f', '\x6e', '\x7d', '\x60',
     '\x20', '\x61', '\x6e', '\x64', '\x20', '\x55', '\x73', '\x65', '\x41', '\x72', '\x6e', '\x52', '\x65', '\x67', '\x69', '\x6f', '\x6e',
     '\x20', '\x69', '\x73', '\x20', '\x60', '\x66', '\x61', '\x6c', '\x73', '\x65', '\x60', '\x24', '\x24', '\x49', '\x6e', '\x76', '\x61',
     '\x6c', '\x69', '\x64', '\x20', '\x41', '\x52', '\x4e', '\x3a', '\x20', '\x74', '\x68', '\x65', '\x20', '\x61', '\x63', '\x63', '\x6f',
     '\x75', '\x6e', '\x74', '\x49', '\x64', '\x20', '\x73', '\x70', '\x65', '\x63', '\x69', '\x66', '\x69', '\x65', '\x64', '\x20', '\x69',
     '\x6e', '\x20', '\x74', '\x68', '\x65', '\x20', '\x41', '\x52', '\x4e', '\x20', '\x28', '\x60', '\x7b', '\x61', '\x63', '\x63', '\x65',
     '\x73', '\x73', '\x50', '\x6f', '\x69', '\x6e', '\x74', '\x41', '\x72', '\x6e', '\x23', '\x61', '\x63', '\x63', '\x6f', '\x75', '\x6e',
     '\x74', '\x49', '\x64', '\x7d', '\x60', '\x29', '\x20', '\x64', '\x6f', '\x65', '\x73', '\x20', '\x6e', '\x6f', '\x74', '\x20', '\x6d',
     '\x61', '\x74', '\x63', '\x68', '\x20', '\x74', '\x68', '\x65', '\x20', '\x70', '\x61', '\x72', '\x61', '\x6d', '\x65', '\x74', '\x65',
     '\x72', '\x20', '\x28', '\x60', '\x7b', '\x41', '\x63', '\x63', '\x6f', '\x75', '\x6e', '\x74', '\x49', '\x64', '\x7d', '\x60', '\x29',
     '\x24', '\x24', '\x68', '\x74', '\x74', '\x70', '\x73', '\x3a', '\x2f', '\x2f', '\x73', '\x33', '\x2d', '\x6f', '\x75', '\x74', '\x70',
     '\x6f', '\x73', '\x74', '\x73', '\x2d', '\x66', '\x69', '\x70', '\x73', '\x2e', '\x7b', '\x61', '\x63', '\x63', '\x65', '\x73', '\x73',
     '\x50', '\x6f', '\x69', '\x6e', '\x74', '\x41', '\x72', '\x6e', '\x23', '\x72', '\x65', '\x67', '\x69', '\x6f', '\x6e', '\x7d', '\x2e',
     '\x7b', '\x61', '\x72', '\x6e', '\x50', '\x61', '\x72', '\x74', '\x69', '\x74', '\x69', '\x6f', '\x6e', '\x5f', '\x73', '\x73', '\x61',
     '\x5f', '\x31', '\x23', '\x64', '\x75', '\x61', '\x6c', '\x53', '\x74', '\x61', '\x63', '\x6b', '\x44', '\x6e', '\x73', '\x53', '\x75',
     '\x66', '\x66', '\x69', '\x78', '\x7d', '\x24', '\x24', '\x7b', '\x22', '\x61', '\x75', '\x74', '\x68', '\x53', '\x63', '\x68', '\x65',
     '\x6d', '\x65', '\x73', '\x22', '\x3a', '\x5b', '\x7b', '\x22', '\x64', '\x69', '\x73', '\x61', '\x62', '\x6c', '\x65', '\x44', '\x6f',
     '\x75', '\x62', '\x6c', '\x65', '\x45', '\x6e', '\x63', '\x6f', '\x64', '\x69', '\x6e', '\x67', '\x22', '\x3a', '\x74', '\x72', '\x75',
     '\x65', '\x2c', '\x22', '\x6e', '\x61', '\x6d', '\x65', '\x22', '\x3a', '\x22', '\x73', '\x69', '\x67', '\x76', '\x34', '\x22', '\x2c',
     '\x22', '\x73', '\x69', '\x67', '\x6e', '\x69', '\x6e', '\x67', '\x4e', '\x61', '\x6d', '\x65', '\x22', '\x3a', '\x22', '\x73', '\x33',
     '\x2d', '\x6f', '\x75', '\x74', '\x70', '\x6f', '\x73', '\x74', '\x73', '\x22', '\x2c', '\x22', '\x73', '\x69', '\x67', '\x6e', '\x69',
     '\x6e', '\x67', '\x52', '\x65', '\x67', '\x69', '\x6f', '\x6e', '\x22', '\x3a', '\x22', '\x7b', '\x61', '\x63', '\x63', '\x65', '\x73',
     '\x73', '\x50', '\x6f', '\x69', '\x6e', '\x74', '\x41', '\x72', '\x6e', '\x23', '\x72', '\x65', '\x67', '\x69', '\x6f', '\x6e', '\x7d',
     '\x22', '\x7d', '\x5d', '\x7d', '\x24', '\x24', '\x78', '\x2d', '\x61', '\x6d', '\x7a', '\x2d', '\x61', '\x63', '\x63', '\x6f', '\x75',
     '\x6e', '\x74', '\x2d', '\x69', '\x64', '\x24', '\x24', '\x7b', '\x61', '\x63', '\x63', '\x65', '\x73', '\x73', '\x50', '\x6f', '\x69',
     '\x6e', '\x74', '\x41', '\x72', '\x6e', '\x23', '\x61', '\x63', '\x63', '\x6f', '\x75', '\x6e', '\x74', '\x49', '\x64', '\x7d', '\x24',
     '\x24', '\x78', '\x2d', '\x61', '\x6d', '\x7a', '\x2d', '\x6f', '\x75', '\x74', '\x70', '\x6f', '\x73', '\x74', '\x2d', '\x69', '\x64',
     '\x24', '\x24', '\x7b', '\x6f', '\x75', '\x74', '\x70', '\x6f', '\x73', '\x74', '\x49', '\x64', '\x5f', '\x73', '\x73', '\x61', '\x5f',
     '\x31', '\x7d', '\x24', '\x24', '\x68', '\x74', '\x74', '\x70', '\x73', '\x3a', '\x2f', '\x2f', '\x73', '\x33', '\x2d', '\x6f', '\x75',
     '\x74', '\x70', '\x6f', '\x73', '\x74', '\x73', '\x2d', '\x66', '\x69', '\x70', '\x73', '\x2e', '\x7b', '\x61', '\x63', '\x63', '\x65',
     '\x73', '\x73', '\x50', '\x6f', '\x69', '\x6e', '\x74', '\x41', '\x72', '\x6e', '\x23', '\x72', '\x65', '\x67', '\x69', '\x6f', '\x6e',
     '\x7d', '\x2e', '\x7b', '\x61', '\x72', '\x6e', '\x50', '\x61', '\x72', '\x74', '\x69', '\x74', '\x69', '\x6f', '\x6e', '\x5f', '\x73',
     '\x73', '\x61', '\x5f', '\x31', '\x23', '\x64', '\x6e', '\x73', '\x53', '\x75', '\x66', '\x66', '\x69', '\x78', '\x7d', '\x24', '\x24',
     '\x68', '\x74', '\x74', '\x70', '\x73', '\x3a', '\x2f', '\x2f', '\x73', '\x33', '\x2d', '\x6f', '\x75', '\x74', '\x70', '\x6f', '\x73',
     '\x74', '\x73', '\x2e', '\x7b', '\x61', '\x63', '\x63', '\x65', '\x73', '\x73', '\x50', '\x6f', '\x69', '\x6e', '\x74', '\x41', '\x72',
     '\x6e', '\x23', '\x72', '\x65', '\x67', '\x69', '\x6f', '\x6e', '\x7d', '\x2e', '\x7b', '\x61', '\x72', '\x6e', '\x50', '\x61', '\x72',
     '\x74', '\x69', '\x74', '\x69', '\x6f', '\x6e', '\x5f', '\x73', '\x73', '\x61', '\x5f', '\x31', '\x23', '\x64', '\x75', '\x61', '\x6c',
     '\x53', '\x74', '\x61', '\x63', '\x6b', '\x44', '\x6e', '\x73', '\x53', '\x75', '\x66', '\x66', '\x69', '\x78', '\x7d', '\x24', '\x24',
     '\x68', '\x74', '\x74', '\x70', '\x73', '\x3a', '\x2f', '\x2f', '\x73', '\x33', '\x2d', '\x6f', '\x75', '\x74', '\x70', '\x6f', '\x73',
     '\x74', '\x73', '\x2e', '\x7b', '\x61', '\x63', '\x63', '\x65', '\x73', '\x73', '\x50', '\x6f', '\x69', '\x6e', '\x74', '\x41', '\x72',
     '\x6e', '\x23', '\x72', '\x65', '\x67', '\x69', '\x6f', '\x6e', '\x7d', '\x2e', '\x7b', '\x61', '\x72', '\x6e', '\x50', '\x61', '\x72',
     '\x74', '\x69', '\x74', '\x69', '\x6f', '\x6e', '\x5f', '\x73', '\x73', '\x61', '\x5f', '\x31', '\x23', '\x64', '\x6e', '\x73', '\x53',
     '\x75', '\x66', '\x66', '\x69', '\x78', '\x7d', '\x24', '\x24', '\x45', '\x78', '\x70', '\x65', '\x63', '\x74', '\x65', '\x64', '\x20',
     '\x61', '\x6e', '\x20', '\x6f', '\x75', '\x74', '\x70', '\x6f', '\x73', '\x74', '\x20', '\x74', '\x79', '\x70', '\x65', '\x20', '\x60',
     '\x61', '\x63', '\x63', '\x65', '\x73', '\x73', '\x70', '\x6f', '\x69', '\x6e', '\x74', '\x60', '\x2c', '\x20', '\x66', '\x6f', '\x75',
     '\x6e', '\x64', '\x20', '\x60', '\x7b', '\x6f', '\x75', '\x74', '\x70', '\x6f', '\x73', '\x74', '\x54', '\x79', '\x70', '\x65', '\x5f',
     '\x73', '\x73', '\x61', '\x5f', '\x31', '\x7d', '\x60', '\x24', '\x24', '\x49', '\x6e', '\x76', '\x61', '\x6c', '\x69', '\x64', '\x20',
     '\x41', '\x52', '\x4e', '\x3a', '\x20', '\x65', '\x78', '\x70', '\x65', '\x63', '\x74', '\x65', '\x64', '\x20', '\x61', '\x6e', '\x20',
     '\x61', '\x63', '\x63', '\x65', '\x73', '\x73', '\x20', '\x70', '\x6f', '\x69', '\x6e', '\x74', '\x20', '\x6e', '\x61', '\x6d', '\x65',
     '\x24', '\x24', '\x49', '\x6e', '\x76', '\x61', '\x6c', '\x69', '\x64', '\x20', '\x41', '\x52', '\x4e', '\x3a', '\x20', '\x45', '\x78',
     '\x70', '\x65', '\x63', '\x74', '\x65', '\x64', '\x20', '\x61', '\x20', '\x34', '\x2d', '\x63', '\x6f', '\x6d', '\x70', '\x6f', '\x6e',
     '\x65', '\x6e', '\x74', '\x20', '\x72', '\x65', '\x73', '\x6f', '\x75', '\x72', '\x63', '\x65', '\x24', '\x24', '\x49', '\x6e', '\x76',
     '\x61', '\x6c', '\x69', '\x64', '\x20', '\x41', '\x52', '\x4e', '\x3a', '\x20', '\x54', '\x68', '\x65', '\x20', '\x61', '\x63', '\x63',
     '\x6f', '\x75', '\x6e', '\x74', '\x20', '\x69', '\x64', '\x20', '\x6d', '\x61', '\x79', '\x20', '\x6f', '\x6e', '\x6c', '\x79', '\x20',
     '\x63', '\x6f', '\x6e', '\x74', '\x61', '\x69', '\x6e', '\x20', '\x61', '\x2d', '\x7a', '\x2c', '\x20', '\x41', '\x2d', '\x5a', '\x2c',
     '\x20', '\x30', '\x2d', '\x39', '\x20', '\x61', '\x6e', '\x64', '\x20', '\x60', '\x2d', '\x60', '\x2e', '\x20', '\x46', '\x6f', '\x75',
     '\x6e', '\x64', '\x3a', '\x20', '\x60', '\x7b', '\x61', '\x63', '\x63', '\x65', '\x73', '\x73', '\x50', '\x6f', '\x69', '\x6e', '\x74',
     '\x41', '\x72', '\x6e', '\x23', '\x61', '\x63', '\x63', '\x6f', '\x75', '\x6e', '\x74', '\x49', '\x64', '\x7d', '\x60', '\x24', '\x24',
     '\x49', '\x6e', '\x76', '\x61', '\x6c', '\x69', '\x64', '\x20', '\x41', '\x52', '\x4e', '\x3a', '\x20', '\x6d', '\x69', '\x73', '\x73',
     '\x69', '\x6e', '\x67', '\x20', '\x61', '\x63', '\x63', '\x6f', '\x75', '\x6e', '\x74', '\x20', '\x49', '\x44', '\x24', '\x24', '\x49',
     '\x6e', '\x76', '\x61', '\x6c', '\x69', '\x64', '\x20', '\x72', '\x65', '\x67', '\x69', '\x6f', '\x6e', '\x20', '\x69', '\x6e', '\x20',
     '\x41', '\x52', '\x4e', '\x3a', '\x20', '\x60', '\x7b', '\x61', '\x63', '\x63', '\x65', '\x73', '\x73', '\x50', '\x6f', '\x69', '\x6e',
     '\x74', '\x41', '\x72', '\x6e', '\x23', '\x72', '\x65', '\x67', '\x69', '\x6f', '\x6e', '\x7d', '\x60', '\x20', '\x28', '\x69', '\x6e',
     '\x76', '\x61', '\x6c', '\x69', '\x64', '\x20', '\x44', '\x4e', '\x53', '\x20', '\x6e', '\x61', '\x6d', '\x65', '\x29', '\x24', '\x24',
     '\x43', '\x6c', '\x69', '\x65', '\x6e', '\x74', '\x20', '\x77', '\x61', '\x73', '\x20', '\x63', '\x6f', '\x6e', '\x66', '\x69', '\x67',
     '\x75', '\x72', '\x65', '\x64', '\x20', '\x66', '\x6f', '\x72', '\x20', '\x70', '\x61', '\x72', '\x74', '\x69', '\x74', '\x69', '\x6f',
     '\x6e', '\x20', '\x60', '\x7b', '\x70', '\x61', '\x72', '\x74', '\x69', '\x74', '\x69', '\x6f', '\x6e', '\x52', '\x65', '\x73', '\x75',
     '\x6c', '\x74', '\x23', '\x6e', '\x61', '\x6d', '\x65', '\x7d', '\x60', '\x20', '\x62', '\x75', '\x74', '\x20', '\x41', '\x52', '\x4e',
     '\x20', '\x68', '\x61', '\x73', '\x20', '\x60', '\x7b', '\x61', '\x72', '\x6e', '\x50', '\x61', '\x72', '\x74', '\x69', '\x74', '\x69',
     '\x6f', '\x6e', '\x5f', '\x73', '\x73', '\x61', '\x5f', '\x31', '\x23', '\x6e', '\x61', '\x6d', '\x65', '\x7d', '\x60', '\x24', '\x24',
     '\x49', '\x6e', '\x76', '\x61', '\x6c', '\x69', '\x64', '\x20', '\x41', '\x52', '\x4e', '\x3a', '\x20', '\x54', '\x68', '\x65', '\x20',
     '\x6f', '\x75', '\x74', '\x70', '\x6f', '\x73', '\x74', '\x20', '\x49', '\x64', '\x20', '\x6d', '\x75', '\x73', '\x74', '\x20', '\x6f',
     '\x6e', '\x6c', '\x79', '\x20', '\x63', '\x6f', '\x6e', '\x74', '\x61', '\x69', '\x6e', '\x20', '\x61', '\x2d', '\x7a', '\x2c', '\x20',
     '\x41', '\x2d', '\x5a', '\x2c', '\x20', '\x30', '\x2d', '\x39', '\x20', '\x61', '\x6e', '\x64', '\x20', '\x60', '\x2d', '\x60', '\x2e',
     '\x2c', '\x20', '\x66', '\x6f', '\x75', '\x6e', '\x64', '\x3a', '\x20', '\x60', '\x7b', '\x6f', '\x75', '\x74', '\x70', '\x6f', '\x73',
     '\x74', '\x49', '\x64', '\x5f', '\x73', '\x73', '\x61', '\x5f', '\x31', '\x7d', '\x60', '\x24', '\x24', '\x49', '\x6e', '\x76', '\x61',
     '\x6c', '\x69', '\x64', '\x20', '\x41', '\x52', '\x4e', '\x3a', '\x20', '\x54', '\x68', '\x65', '\x20', '\x4f', '\x75', '\x74', '\x70',
     '\x6f', '\x73', '\x74', '\x20', '\x49', '\x64', '\x20', '\x77', '\x61', '\x73', '\x20', '\x6e', '\x6f', '\x74', '\x20', '\x73', '\x65',
     '\x74', '\x24', '\x24', '\x49', '\x6e', '\x76', '\x61', '\x6c', '\x69', '\x64', '\x20', '\x41', '\x52', '\x4e', '\x3a', '\x20', '\x4e',
     '\x6f', '\x20', '\x41', '\x52', '\x4e', '\x20', '\x74', '\x79', '\x70', '\x65', '\x20', '\x73', '\x70', '\x65', '\x63', '\x69', '\x66',
     '\x69', '\x65', '\x64', '\x24', '\x24', '\x49', '\x6e', '\x76', '\x61', '\x6c', '\x69', '\x64', '\x20', '\x63', '\x6f', '\x6e', '\x66',
     '\x69', '\x67', '\x75', '\x72', '\x61', '\x74', '\x69', '\x6f', '\x6e', '\x3a', '\x20', '\x72', '\x65', '\x67', '\x69', '\x6f', '\x6e',
     '\x20', '\x66', '\x72', '\x6f', '\x6d', '\x20', '\x41', '\x52', '\x4e', '\x20', '\x60', '\x7b', '\x62', '\x75', '\x63', '\x6b', '\x65',
     '\x74', '\x41', '\x72', '\x6e', '\x23', '\x72', '\x65', '\x67', '\x69', '\x6f', '\x6e', '\x7d', '\x60', '\x20', '\x64', '\x6f', '\x65',
     '\x73', '\x20', '\x6e', '\x6f', '\x74', '\x20', '\x6d', '\x61', '\x74', '\x63', '\x68', '\x20', '\x63', '\x6c', '\x69', '\x65', '\x6e',
     '\x74', '\x20', '\x72', '\x65', '\x67', '\x69', '\x6f', '\x6e', '\x20', '\x60', '\x7b', '\x52', '\x65', '\x67', '\x69', '\x6f', '\x6e',
     '\x7d', '\x60', '\x20', '\x61', '\x6e', '\x64', '\x20', '\x55', '\x73', '\x65', '\x41', '\x72', '\x6e', '\x52', '\x65', '\x67', '\x69',
     '\x6f', '\x6e', '\x20', '\x69', '\x73', '\x20', '\x60', '\x66', '\x61', '\x6c', '\x73', '\x65', '\x60', '\x24', '\x24', '\x49', '\x6e',
     '\x76', '\x61', '\x6c', '\x69', '\x64', '\x20', '\x41', '\x52', '\x4e', '\x3a', '\x20', '\x74', '\x68', '\x65', '\x20', '\x61', '\x63',
     '\x63', '\x6f', '\x75', '\x6e', '\x74', '\x49', '\x64', '\x20', '\x73', '\x70', '\x65', '\x63', '\x69', '\x66', '\x69', '\x65', '\x64',
     '\x20', '\x69', '\x6e', '\x20', '\x74', '\x68', '\x65', '\x20', '\x41', '\x52', '\x4e', '\x20', '\x28', '\x60', '\x7b', '\x62', '\x75',
     '\x63', '\x6b', '\x65', '\x74', '\x41', '\x72', '\x6e', '\x23', '\x61', '\x63', '\x63', '\x6f', '\x75', '\x6e', '\x74', '\x49', '\x64',
     '\x7d', '\x60', '\x29', '\x20', '\x64', '\x6f', '\x65', '\x73', '\x20', '\x6e', '\x6f', '\x74', '\x20', '\x6d', '\x61', '\x74', '\x63',
     '\x68', '\x20', '\x74', '\x68', '\x65', '\x20', '\x70', '\x61', '\x72', '\x61', '\x6d', '\x65', '\x74', '\x65', '\x72', '\x20', '\x28',
     '\x60', '\x7b', '\x41', '\x63', '\x63', '\x6f', '\x75', '\x6e', '\x74', '\x49', '\x64', '\x7d', '\x60', '\x29', '\x24', '\x24', '\x68',
     '\x74', '\x74', '\x70', '\x73', '\x3a', '\x2f', '\x2f', '\x73', '\x33', '\x2d', '\x6f', '\x75', '\x74', '\x70', '\x6f', '\x73', '\x74',
     '\x73', '\x2d', '\x66', '\x69', '\x70', '\x73', '\x2e', '\x7b', '\x62', '\x75', '\x63', '\x6b', '\x65', '\x74', '\x41', '\x72', '\x6e',
     '\x23', '\x72', '\x65', '\x67', '\x69', '\x6f', '\x6e', '\x7d', '\x2e', '\x7b', '\x61', '\x72', '\x6e', '\x50', '\x61', '\x72', '\x74',
     '\x69', '\x74', '\x69', '\x6f', '\x6e', '\x5f', '\x73', '\x73', '\x61', '\x5f', '\x32', '\x23', '\x64', '\x75', '\x61', '\x6c', '\x53',
     '\x74', '\x61', '\x63', '\x6b', '\x44', '\x6e', '\x73', '\x53', '\x75', '\x66', '\x66', '\x69', '\x78', '\x7d', '\x24', '\x24', '\x7b',
     '\x22', '\x61', '\x75', '\x74', '\x68', '\x53', '\x63', '\x68', '\x65', '\x6d', '\x65', '\x73', '\x22', '\x3a', '\x5b', '\x7b', '\x22',
     '\x64', '\x69', '\x73', '\x61', '\x62', '\x6c', '\x65', '\x44', '\x6f', '\x75', '\x62', '\x6c', '\x65', '\x45', '\x6e', '\x63', '\x6f',
     '\x64', '\x69', '\x6e', '\x67', '\x22', '\x3a', '\x74', '\x72', '\x75', '\x65', '\x2c', '\x22', '\x6e', '\x61', '\x6d', '\x65', '\x22',
     '\x3a', '\x22', '\x73', '\x69', '\x67', '\x76', '\x34', '\x22', '\x2c', '\x22', '\x73', '\x69', '\x67', '\x6e', '\x69', '\x6e', '\x67',
     '\x4e', '\x61', '\x6d', '\x65', '\x22', '\x3a', '\x22', '\x73', '\x33', '\x2d', '\x6f', '\x75', '\x74', '\x70', '\x6f', '\x73', '\x74',
     '\x73', '\x22', '\x2c', '\x22', '\x73', '\x69', '\x67', '\x6e', '\x69', '\x6e', '\x67', '\x52', '\x65', '\x67', '\x69', '\x6f', '\x6e',
     '\x22', '\x3a', '\x22', '\x7b', '\x62', '\x75', '\x63', '\x6b', '\x65', '\x74', '\x41', '\x72', '\x6e', '\x23', '\x72', '\x65', '\x67',
     '\x69', '\x6f', '\x6e', '\x7d', '\x22', '\x7d', '\x5d', '\x7d', '\x24', '\x24', '\x7b', '\x62', '\x75', '\x63', '\x6b', '\x65', '\x74',
     '\x41', '\x72', '\x6e', '\x23', '\x61', '\x63', '\x63', '\x6f', '\x75', '\x6e', '\x74', '\x49', '\x64', '\x7d', '\x24', '\x24', '\x7b',
     '\x6f', '\x75', '\x74', '\x70', '\x6f', '\x73', '\x74', '\x49', '\x64', '\x5f', '\x73', '\x73', '\x61', '\x5f', '\x32', '\x7d', '\x24',
     '\x24', '\x68', '\x74', '\x74', '\x70', '\x73', '\x3a', '\x2f', '\x2f', '\x73', '\x33', '\x2d', '\x6f', '\x75', '\x74', '\x70', '\x6f',
     '\x73', '\x74', '\x73', '\x2d', '\x66', '\x69', '\x70', '\x73', '\x2e', '\x7b', '\x62', '\x75', '\x63', '\x6b', '\x65', '\x74', '\x41',
     '\x72', '\x6e', '\x23', '\x72', '\x65', '\x67', '\x69', '\x6f', '\x6e', '\x7d', '\x2e', '\x7b', '\x61', '\x72', '\x6e', '\x50', '\x61',
     '\x72', '\x74', '\x69', '\x74', '\x69', '\x6f', '\x6e', '\x5f', '\x73', '\x73', '\x61', '\x5f', '\x32', '\x23', '\x64', '\x6e', '\x73',
     '\x53', '\x75', '\x66', '\x66', '\x69', '\x78', '\x7d', '\x24', '\x24', '\x68', '\x74', '\x74', '\x70', '\x73', '\x3a', '\x2f', '\x2f',
     '\x73', '\x33', '\x2d', '\x6f', '\x75', '\x74', '\x70', '\x6f', '\x73', '\x74', '\x73', '\x2e', '\x7b', '\x62', '\x75', '\x63', '\x6b',
     '\x65', '\x74', '\x41', '\x72', '\x6e', '\x23', '\x72', '\x65', '\x67', '\x69', '\x6f', '\x6e', '\x7d', '\x2e', '\x7b', '\x61', '\x72',
     '\x6e', '\x50', '\x61', '\x72', '\x74', '\x69', '\x74', '\x69', '\x6f', '\x6e', '\x5f', '\x73', '\x73', '\x61', '\x5f', '\x32', '\x23',
     '\x64', '\x75', '\x61', '\x6c', '\x53', '\x74', '\x61', '\x63', '\x6b', '\x44', '\x6e', '\x73', '\x53', '\x75', '\x66', '\x66', '\x69',
     '\x78', '\x7d', '\x24', '\x24', '\x68', '\x74', '\x74', '\x70', '\x73', '\x3a', '\x2f', '\x2f', '\x73', '\x33', '\x2d', '\x6f', '\x75',
     '\x74', '\x70', '\x6f', '\x73', '\x74', '\x73', '\x2e', '\x7b', '\x62', '\x75', '\x63', '\x6b', '\x65', '\x74', '\x41', '\x72', '\x6e',
     '\x23', '\x72', '\x65', '\x67', '\x69', '\x6f', '\x6e', '\x7d', '\x2e', '\x7b', '\x61', '\x72', '\x6e', '\x50', '\x61', '\x72', '\x74',
     '\x69', '\x74', '\x69', '\x6f', '\x6e', '\x5f', '\x73', '\x73', '\x61', '\x5f', '\x32', '\x23', '\x64', '\x6e', '\x73', '\x53', '\x75',
     '\x66', '\x66', '\x69', '\x78', '\x7d', '\x24', '\x24', '\x49', '\x6e', '\x76', '\x61', '\x6c', '\x69', '\x64', '\x20', '\x41', '\x52',
     '\x4e', '\x3a', '\x20', '\x45', '\x78', '\x70', '\x65', '\x63', '\x74', '\x65', '\x64', '\x20', '\x61', '\x6e', '\x20', '\x6f', '\x75',
     '\x74', '\x70', '\x6f', '\x73', '\x74', '\x20', '\x74', '\x79', '\x70', '\x65', '\x20', '\x60', '\x62', '\x75', '\x63', '\x6b', '\x65',
     '\x74', '\x60', '\x2c', '\x20', '\x66', '\x6f', '\x75', '\x6e', '\x64', '\x20', '\x60', '\x7b', '\x6f', '\x75', '\x74', '\x70', '\x6f',
     '\x73', '\x74', '\x54', '\x79', '\x70', '\x65', '\x5f', '\x73', '\x73', '\x61', '\x5f', '\x32', '\x7d', '\x60', '\x24', '\x24', '\x49',
     '\x6e', '\x76', '\x61', '\x6c', '\x69', '\x64', '\x20', '\x41', '\x52', '\x4e', '\x3a', '\x20', '\x65', '\x78', '\x70', '\x65', '\x63',
     '\x74', '\x65', '\x64', '\x20', '\x61', '\x20', '\x62', '\x75', '\x63', '\x6b', '\x65', '\x74', '\x20', '\x6e', '\x61', '\x6d', '\x65',
     '\x24', '\x24', '\x49', '\x6e', '\x76', '\x61', '\x6c', '\x69', '\x64', '\x20', '\x41', '\x52', '\x4e', '\x3a', '\x20', '\x54', '\x68',
     '\x65', '\x20', '\x61', '\x63', '\x63', '\x6f', '\x75', '\x6e', '\x74', '\x20', '\x69', '\x64', '\x20', '\x6d', '\x61', '\x79', '\x20',
     '\x6f', '\x6e', '\x6c', '\x79', '\x20', '\x63', '\x6f', '\x6e', '\x74', '\x61', '\x69', '\x6e', '\x20', '\x61', '\x2d', '\x7a', '\x2c',
     '\x20', '\x41', '\x2d', '\x5a', '\x2c', '\x20', '\x30', '\x2d', '\x39', '\x20', '\x61', '\x6e', '\x64', '\x20', '\x60', '\x2d', '\x60',
     '\x2e', '\x20', '\x46', '\x6f', '\x75', '\x6e', '\x64', '\x3a', '\x20', '\x60', '\x7b', '\x62', '\x75', '\x63', '\x6b', '\x65', '\x74',
     '\x41', '\x72', '\x6e', '\x23', '\x61', '\x63', '\x63', '\x6f', '\x75', '\x6e', '\x74', '\x49', '\x64', '\x7d', '\x60', '\x24', '\x24',
     '\x49', '\x6e', '\x76', '\x61', '\x6c', '\x69', '\x64', '\x20', '\x72', '\x65', '\x67', '\x69', '\x6f', '\x6e', '\x20', '\x69', '\x6e',
     '\x20', '\x41', '\x52', '\x4e', '\x3a', '\x20', '\x60', '\x7b', '\x62', '\x75', '\x63', '\x6b', '\x65', '\x74', '\x41', '\x72', '\x6e',
     '\x23', '\x72', '\x65', '\x67', '\x69', '\x6f', '\x6e', '\x7d', '\x60', '\x20', '\x28', '\x69', '\x6e', '\x76', '\x61', '\x6c', '\x69',
     '\x64', '\x20', '\x44', '\x4e', '\x53', '\x20', '\x6e', '\x61', '\x6d', '\x65', '\x29', '\x24', '\x24', '\x43', '\x6c', '\x69', '\x65',
     '\x6e', '\x74', '\x20', '\x77', '\x61', '\x73', '\x20', '\x63', '\x6f', '\x6e', '\x66', '\x69', '\x67', '\x75', '\x72', '\x65', '\x64',
     '\x20', '\x66', '\x6f', '\x72', '\x20', '\x70', '\x61', '\x72', '\x74', '\x69', '\x74', '\x69', '\x6f', '\x6e', '\x20', '\x60', '\x7b',
     '\x70', '\x61', '\x72', '\x74', '\x69', '\x74', '\x69', '\x6f', '\x6e', '\x52', '\x65', '\x73', '\x75', '\x6c', '\x74', '\x23', '\x6e',
     '\x61', '\x6d', '\x65', '\x7d', '\x60', '\x20', '\x62', '\x75', '\x74', '\x20', '\x41', '\x52', '\x4e', '\x20', '\x68', '\x61', '\x73',
     '\x20', '\x60', '\x7b', '\x61', '\x72', '\x6e', '\x50', '\x61', '\x72', '\x74', '\x69', '\x74', '\x69', '\x6f', '\x6e', '\x5f', '\x73',
     '\x73', '\x61', '\x5f', '\x32', '\x23', '\x6e', '\x61', '\x6d', '\x65', '\x7d', '\x60', '\x24', '\x24', '\x49', '\x6e', '\x76', '\x61',
     '\x6c', '\x69', '\x64', '\x20', '\x41', '\x52', '\x4e', '\x3a', '\x20', '\x54', '\x68', '\x65', '\x20', '\x6f', '\x75', '\x74', '\x70',
     '\x6f', '\x73', '\x74', '\x20', '\x49', '\x64', '\x20', '\x6d', '\x75', '\x73', '\x74', '\x20', '\x6f', '\x6e', '\x6c', '\x79', '\x20',
     '\x63', '\x6f', '\x6e', '\x74', '\x61', '\x69', '\x6e', '\x20', '\x61', '\x2d', '\x7a', '\x2c', '\x20', '\x41', '\x2d', '\x5a', '\x2c',
     '\x20', '\x30', '\x2d', '\x39', '\x20', '\x61', '\x6e', '\x64', '\x20', '\x60', '\x2d', '\x60', '\x2e', '\x2c', '\x20', '\x66', '\x6f',
     '\x75', '\x6e', '\x64', '\x3a', '\x20', '\x60', '\x7b', '\x6f', '\x75', '\x74', '\x70', '\x6f', '\x73', '\x74', '\x49', '\x64', '\x5f',
     '\x73', '\x73', '\x61', '\x5f', '\x32', '\x7d', '\x60', '\x24', '\x24', '\x7b', '\x75', '\x72', '\x6c', '\x23', '\x73', '\x63', '\x68',
     '\x65', '\x6d', '\x65', '\x7d', '\x3a', '\x2f', '\x2f', '\x7b', '\x41', '\x63', '\x63', '\x6f', '\x75', '\x6e', '\x74', '\x49', '\x64',
     '\x7d', '\x2e', '\x7b', '\x75', '\x72', '\x6c', '\x23', '\x61', '\x75', '\x74', '\x68', '\x6f', '\x72', '\x69', '\x74', '\x79', '\x7d',
     '\x7b', '\x75', '\x72', '\x6c', '\x23', '\x70', '\x61', '\x74', '\x68', '\x7d', '\x24', '\x24', '\x68', '\x74', '\x74', '\x70', '\x73',
     '\x3a', '\x2f', '\x2f', '\x7b', '\x41', '\x63', '\x63', '\x6f', '\x75', '\x6e', '\x74', '\x49', '\x64', '\x7d', '\x2e', '\x73', '\x33',
     '\x2d', '\x63', '\x6f', '\x6e', '\x74', '\x72', '\x6f', '\x6c', '\x2d', '\x66', '\x69', '\x70', '\x73', '\x2e', '\x64', '\x75', '\x61',
     '\x6c', '\x73', '\x74', '\x61', '\x63', '\x6b', '\x2e', '\x7b', '\x52', '\x65', '\x67', '\x69', '\x6f', '\x6e', '\x7d', '\x2e', '\x7b',
     '\x70', '\x61', '\x72', '\x74', '\x69', '\x74', '\x69', '\x6f', '\x6e', '\x52', '\x65', '\x73', '\x75', '\x6c', '\x74', '\x23', '\x64',
     '\x6e', '\x73', '\x53', '\x75', '\x66', '\x66', '\x69', '\x78', '\x7d', '\x24', '\x24', '\x68', '\x74', '\x74', '\x70', '\x73', '\x3a',
     '\x2f', '\x2f', '\x73', '\x33', '\x2d', '\x63', '\x6f', '\x6e', '\x74', '\x72', '\x6f', '\x6c', '\x2d', '\x66', '\x69', '\x70', '\x73',
     '\x2e', '\x64', '\x75', '\x61', '\x6c', '\x73', '\x74', '\x61', '\x63', '\x6b', '\x2e', '\x7b', '\x52', '\x65', '\x67', '\x69', '\x6f',
     '\x6e', '\x7d', '\x2e', '\x7b', '\x70', '\x61', '\x72', '\x74', '\x69', '\x74', '\x69', '\x6f', '\x6e', '\x52', '\x65', '\x73', '\x75',
     '\x6c', '\x74', '\x23', '\x64', '\x6e', '\x73', '\x53', '\x75', '\x66', '\x66', '\x69', '\x78', '\x7d', '\x24', '\x24', '\x68', '\x74',
     '\x74', '\x70', '\x73', '\x3a', '\x2f', '\x2f', '\x7b', '\x41', '\x63', '\x63', '\x6f', '\x75', '\x6e', '\x74', '\x49', '\x64', '\x7d',
     '\x2e', '\x73', '\x33', '\x2d', '\x63', '\x6f', '\x6e', '\x74', '\x72', '\x6f', '\x6c', '\x2d', '\x66', '\x69', '\x70', '\x73', '\x2e',
     '\x7b', '\x52', '\x65', '\x67', '\x69', '\x6f', '\x6e', '\x7d', '\x2e', '\x7b', '\x70', '\x61', '\x72', '\x74', '\x69', '\x74', '\x69',
     '\x6f', '\x6e', '\x52', '\x65', '\x73', '\x75', '\x6c', '\x74', '\x23', '\x64', '\x6e', '\x73', '\x53', '\x75', '\x66', '\x66', '\x69',
     '\x78', '\x7d', '\x24', '\x24', '\x68', '\x74', '\x74', '\x70', '\x73', '\x3a', '\x2f', '\x2f', '\x73', '\x33', '\x2d', '\x63', '\x6f',
     '\x6e', '\x74', '\x72', '\x6f', '\x6c', '\x2d', '\x66', '\x69', '\x70', '\x73', '\x2e', '\x7b', '\x52', '\x65', '\x67', '\x69', '\x6f',
     '\x6e', '\x7d', '\x2e', '\x7b', '\x70', '\x61', '\x72', '\x74', '\x69', '\x74', '\x69', '\x6f', '\x6e', '\x52', '\x65', '\x73', '\x75',
     '\x6c', '\x74', '\x23', '\x64', '\x6e', '\x73', '\x53', '\x75', '\x66', '\x66', '\x69', '\x78', '\x7d', '\x24', '\x24', '\x68', '\x74',
     '\x74', '\x70', '\x73', '\x3a', '\x2f', '\x2f', '\x7b', '\x41', '\x63', '\x63', '\x6f', '\x75', '\x6e', '\x74', '\x49', '\x64', '\x7d',
     '\x2e', '\x73', '\x33', '\x2d', '\x63', '\x6f', '\x6e', '\x74', '\x72', '\x6f', '\x6c', '\x2e', '\x64', '\x75', '\x61', '\x6c', '\x73',
     '\x74', '\x61', '\x63', '\x6b', '\x2e', '\x7b', '\x52', '\x65', '\x67', '\x69', '\x6f', '\x6e', '\x7d', '\x2e', '\x7b', '\x70', '\x61',
     '\x72', '\x74', '\x69', '\x74', '\x69', '\x6f', '\x6e', '\x52', '\x65', '\x73', '\x75', '\x6c', '\x74', '\x23', '\x64', '\x6e', '\x73',
     '\x53', '\x75', '\x66', '\x66', '\x69', '\x78', '\x7d', '\x24', '\x24', '\x68', '\x74', '\x74', '\x70', '\x73', '\x3a', '\x2f', '\x2f',
     '\x73', '\x33', '\x2d', '\x63', '\x6f', '\x6e', '\x74', '\x72', '\x6f', '\x6c', '\x2e', '\x64', '\x75', '\x61', '\x6c', '\x73', '\x74',
     '\x61', '\x63', '\x6b', '\x2e', '\x7b', '\x52', '\x65', '\x67', '\x69', '\x6f', '\x6e', '\x7d', '\x2e', '\x7b', '\x70', '\x61', '\x72',
     '\x74', '\x69', '\x74', '\x69', '\x6f', '\x6e', '\x52', '\x65', '\x73', '\x75', '\x6c', '\x74', '\x23', '\x64', '\x6e', '\x73', '\x53',
     '\x75', '\x66', '\x66', '\x69', '\x78', '\x7d', '\x24', '\x24', '\x68', '\x74', '\x74', '\x70', '\x73', '\x3a', '\x2f', '\x2f', '\x7b',
     '\x41', '\x63', '\x63', '\x6f', '\x75', '\x6e', '\x74', '\x49', '\x64', '\x7d', '\x2e', '\x73', '\x33', '\x2d', '\x63', '\x6f', '\x6e',
     '\x74', '\x72', '\x6f', '\x6c', '\x2e', '\x7b', '\x52', '\x65', '\x67', '\x69', '\x6f', '\x6e', '\x7d', '\x2e', '\x7b', '\x70', '\x61',
     '\x72', '\x74', '\x69', '\x74', '\x69', '\x6f', '\x6e', '\x52', '\x65', '\x73', '\x75', '\x6c', '\x74', '\x23', '\x64', '\x6e', '\x73',
     '\x53', '\x75', '\x66', '\x66', '\x69', '\x78', '\x7d', '\x24', '\x24', '\x68', '\x74', '\x74', '\x70', '\x73', '\x3a', '\x2f', '\x2f',
     '\x73', '\x33', '\x2d', '\x63', '\x6f', '\x6e', '\x74', '\x72', '\x6f', '\x6c', '\x2e', '\x7b', '\x52', '\x65', '\x67', '\x69', '\x6f',
     '\x6e', '\x7d', '\x2e', '\x7b', '\x70', '\x61', '\x72', '\x74', '\x69', '\x74', '\x69', '\x6f', '\x6e', '\x52', '\x65', '\x73', '\x75',
     '\x6c', '\x74', '\x23', '\x64', '\x6e', '\x73', '\x53', '\x75', '\x66', '\x66', '\x69', '\x78', '\x7d', '\x24', '\x24', '\x52', '\x65',
     '\x67', '\x69', '\x6f', '\x6e', '\x20', '\x6d', '\x75', '\x73', '\x74', '\x20', '\x62', '\x65', '\x20', '\x73', '\x65', '\x74', '\x24',
     '\x24', '\x00', '\x00', '\x03', '\x00', '\x0c', '\x00', '\x01', '\x05', '\x00', '\x06', '\x00', '\x00', '\x00', '\x01', '\x0d', '\x00',
     '\x0b', '\x00', '\x02', '\x1a', '\x00', '\x07', '\x00', '\x01', '\x00', '\x01', '\x01', '\x23', '\x00', '\x0c', '\x00', '\x02', '\x31',
     '\x00', '\x0c', '\x00', '\x01', '\x00', '\x01', '\x01', '\x3f', '\x00', '\x11', '\x00', '\x01', '\x52', '\x00', '\x08', '\x00', '\x00',
     '\x00', '\x01', '\x5c', '\x00', '\x0d', '\x00', '\x01', '\x6b', '\x00', '\x09', '\x00', '\x00', '\x00', '\x00', '\x02', '\x76', '\x00',
     '\x11', '\x00', '\x00', '\x00', '\x00', '\x01', '\x89', '\x00', '\x09', '\x00', '\x00', '\x00', '\x00', '\x01', '\x94', '\x00', '\x06',
     '\x00', '\x00', '\x00', '\x00', '\x01', '\x9c', '\x00', '\x0f', '\x00', '\x00', '\x00', '\x00', '\x02', '\xad', '\x00', '\x0c', '\x00',
     '\x00', '\x00', '\x01', '\xbb', '\x00', '\x1c', '\x00', '\x01', '\xd9', '\x00', '\x0b', '\x00', '\x00', '\x00', '\x00', '\x02', '\xe6',
     '\x00', '\x1b', '\x00', '\x00', '\x00', '\x00', '\x43', '\x00', '\x10', '\x00', '\x01', '\x00', '\x04', '\x05', '\x00', '\x06', '\x00',
     '\x00', '\x10', '\x0c', '\x01', '\x00', '\x04', '\x05', '\x00', '\x06', '\x00', '\x01', '\x03', '\x01', '\x0f', '\x00', '\x10', '\x05',
     '\x02', '\x00', '\x04', '\x1a', '\x00', '\x07', '\x00', '\x02', '\x01', '\x00', '\x10', '\x04', '\x02', '\x00', '\x05', '\x02', '\x02',
     '\x00', '\x04', '\x03', '\x01', '\x0f', '\x00', '\x01', '\x14', '\x01', '\x04', '\x00', '\x01', '\x1a', '\x01', '\x06', '\x00', '\x00',
     '\x10', '\x00', '\x01', '\x00', '\x04', '\x89', '\x00', '\x09', '\x00', '\x00', '\x10', '\x0b', '\x02', '\x00', '\x04', '\x89', '\x00',
     '\x09', '\x00', '\x02', '\x00', '\x00', '\x10', '\x00', '\x01', '\x00', '\x04', '\xd9', '\x00', '\x0b', '\x00', '\x00', '\x10', '\x0d',
     '\x01', '\x00', '\x04', '\xd9', '\x00', '\x0b', '\x00', '\x01', '\x22', '\x01', '\x0b', '\x00', '\x10', '\x04', '\x02', '\x00', '\x05',
     '\x02', '\x02', '\x00', '\x04', '\x22', '\x01', '\x0b', '\x00', '\x01', '\x2f', '\x01', '\x07', '\x00', '\x01', '\x38', '\x01', '\x09',
     '\x00', '\x00', '\x10', '\x0c', '\x01', '\x00', '\x05', '\x02', '\x02', '\x00', '\x04', '\x22', '\x01', '\x0b', '\x00', '\x01', '\x43',
     '\x01', '\x06', '\x00', '\x01', '\x4b', '\x01', '\x12', '\x00', '\x10', '\x04', '\x02', '\x00', '\x05', '\x02', '\x02', '\x00', '\x04',
     '\x4b', '\x01', '\x12', '\x00', '\x01', '\x14', '\x01', '\x04', '\x00', '\x05', '\x02', '\x02', '\x00', '\x04', '\x03', '\x01', '\x0f',
     '\x00', '\x01', '\x14', '\x01', '\x04', '\x00', '\x00', '\x10', '\x00', '\x01', '\x00', '\x04', '\x52', '\x00', '\x08', '\x00', '\x00',
     '\x10', '\x05', '\x02', '\x00', '\x04', '\x31', '\x00', '\x0c', '\x00', '\x02', '\x01', '\x00', '\x10', '\x05', '\x02', '\x00', '\x05',
     '\x06', '\x02', '\x00', '\x04', '\xe6', '\x00', '\x1b', '\x00', '\x02', '\x00', '\x02', '\x01', '\x00', '\x10', '\x0a', '\x01', '\x00',
     '\x04', '\x52', '\x00', '\x08', '\x00', '\x01', '\x5f', '\x01', '\x03', '\x00', '\x10', '\x00', '\x01', '\x00', '\x04', '\x9c', '\x00',
     '\x0f', '\x00', '\x00', '\x10', '\x04', '\x02', '\x00', '\x05', '\x06', '\x02', '\x00', '\x05', '\x03', '\x04', '\x00', '\x04', '\x9c',
     '\x00', '\x0f', '\x00', '\x03', '\x00', '\x00', '\x00', '\x00', '\x03', '\x07', '\x00', '\x00', '\x00', '\x02', '\x01', '\x01', '\x00',
     '\x00', '\x00', '\x00', '\x01', '\x64', '\x01', '\x07', '\x00', '\x00', '\x10', '\x03', '\x04', '\x00', '\x04', '\x9c', '\x00', '\x0f',
     '\x00', '\x03', '\x07', '\x00', '\x00', '\x00', '\x03', '\x0f', '\x00', '\x00', '\x00', '\x02', '\x01', '\x00', '\x10', '\x04', '\x02',
     '\x00', '\x05', '\x06', '\x02', '\x00', '\x05', '\x03', '\x04', '\x00', '\x04', '\x9c', '\x00', '\x0f', '\x00', '\x03', '\x0f', '\x00',
     '\x00', '\x00', '\x03', '\x11', '\x00', '\x00', '\x00', '\x02', '\x01', '\x01', '\x00', '\x00', '\x00', '\x00', '\x01', '\x6d', '\x01',
     '\x02', '\x00', '\x00', '\x10', '\x03', '\x04', '\x00', '\x04', '\x9c', '\x00', '\x0f', '\x00', '\x03', '\x07', '\x00', '\x00', '\x00',
     '\x03', '\x10', '\x00', '\x00', '\x00', '\x02', '\x01', '\x00', '\x10', '\x04', '\x02', '\x00', '\x04', '\x05', '\x00', '\x06', '\x00',
     '\x01', '\x71', '\x01', '\x04', '\x00', '\x00', '\x10', '\x0d', '\x01', '\x00', '\x04', '\x9c', '\x00', '\x0f', '\x00', '\x01', '\x77',
     '\x01', '\x0e', '\x00', '\x10', '\x02', '\x02', '\x00', '\x04', '\x77', '\x01', '\x0e', '\x00', '\x01', '\x87', '\x01', '\x0d', '\x00',
     '\x01', '\x96', '\x01', '\x0d', '\x00', '\x10', '\x00', '\x01', '\x00', '\x04', '\x94', '\x00', '\x06', '\x00', '\x00', '\x10', '\x0d',
     '\x01', '\x00', '\x04', '\x94', '\x00', '\x06', '\x00', '\x01', '\xa5', '\x01', '\x09', '\x00', '\x10', '\x02', '\x02', '\x00', '\x04',
     '\xa5', '\x01', '\x09', '\x00', '\x01', '\x87', '\x01', '\x0d', '\x00', '\x01', '\xb0', '\x01', '\x0d', '\x00', '\x10', '\x04', '\x02',
     '\x00', '\x04', '\xb0', '\x01', '\x0d', '\x00', '\x01', '\x00', '\x00', '\x00', '\x00', '\x00', '\x10', '\x04', '\x02', '\x00', '\x05',
     '\x02', '\x02', '\x00', '\x04', '\xa5', '\x01', '\x09', '\x00', '\x01', '\x2f', '\x01', '\x07', '\x00', '\x01', '\xbf', '\x01', '\x0b',
     '\x00', '\x00', '\x10', '\x02', '\x02', '\x00', '\x04', '\xa5', '\x01', '\x09', '\x00', '\x01', '\xcc', '\x01', '\x0d', '\x00', '\x01',
     '\xdb', '\x01', '\x0f', '\x00', '\x10', '\x04', '\x02', '\x00', '\x05', '\x06', '\x02', '\x00', '\x05', '\x03', '\x04', '\x00', '\x04',
     '\x9c', '\x00', '\x0f', '\x00', '\x03', '\x10', '\x00', '\x00', '\x00', '\x03', '\x12', '\x00', '\x00', '\x00', '\x02', '\x01', '\x01',
     '\x00', '\x00', '\x00', '\x00', '\x01', '\x6d', '\x01', '\x02', '\x00', '\x00', '\x10', '\x04', '\x02', '\x00', '\x04', '\x96', '\x01',
     '\x0d', '\x00', '\x01', '\x00', '\x00', '\x00', '\x00', '\x00', '\x10', '\x04', '\x02', '\x00', '\x05', '\x02', '\x02', '\x00', '\x04',
     '\x77', '\x01', '\x0e', '\x00', '\x01', '\x2f', '\x01', '\x07', '\x00', '\x01', '\xbf', '\x01', '\x0b', '\x00', '\x00', '\x10', '\x02',
     '\x02', '\x00', '\x04', '\x77', '\x01', '\x0e', '\x00', '\x01', '\xcc', '\x01', '\x0d', '\x00', '\x01', '\xec', '\x01', '\x0f', '\x00',
     '\x10', '\x00', '\x01', '\x00', '\x04', '\x6b', '\x00', '\x09', '\x00', '\x00', '\x10', '\x0b', '\x02', '\x00', '\x04', '\x6b', '\x00',
     '\x09', '\x00', '\x02', '\x00', '\x00', '\x10', '\x05', '\x02', '\x00', '\x05', '\x06', '\x02', '\x00', '\x04', '\x76', '\x00', '\x11',
     '\x00', '\x02', '\x00', '\x02', '\x01', '\x00', '\x10', '\x04', '\x02', '\x00', '\x04', '\x6b', '\x00', '\x09', '\x00', '\x05', '\x02',
     '\x02', '\x00', '\x04', '\x77', '\x01', '\x0e', '\x00', '\x01', '\xfd', '\x01', '\x09', '\x00', '\x00', '\x10', '\x0b', '\x02', '\x00',
     '\x04', '\x05', '\x00', '\x06', '\x00', '\x02', '\x01', '\x00', '\x10', '\x04', '\x02', '\x00', '\x04', '\x6b', '\x00', '\x09', '\x00',
     '\x05', '\x02', '\x02', '\x00', '\x04', '\xa5', '\x01', '\x09', '\x00', '\x01', '\xfd', '\x01', '\x09', '\x00', '\x00', '\x10', '\x05',
     '\x02', '\x00', '\x05', '\x06', '\x02', '\x00', '\x04', '\xad', '\x00', '\x0c', '\x00', '\x02', '\x01', '\x02', '\x01', '\x00', '\x10',
     '\x0b', '\x02', '\x00', '\x04', '\xdb', '\x01', '\x0f', '\x00', '\x02', '\x00', '\x00', '\x10', '\x04', '\x02', '\x00', '\x04', '\x05',
     '\x00', '\x06', '\x00', '\x05', '\x02', '\x02', '\x00', '\x04', '\x77', '\x01', '\x0e', '\x00', '\x01', '\x43', '\x01', '\x06', '\x00',
     '\x00', '\x10', '\x04', '\x02', '\x00', '\x04', '\x05', '\x00', '\x06', '\x00', '\x05', '\x02', '\x02', '\x00', '\x04', '\xa5', '\x01',
     '\x09', '\x00', '\x01', '\x43', '\x01', '\x06', '\x00', '\x00', '\x10', '\x0c', '\x01', '\x00', '\x05', '\x02', '\x02', '\x00', '\x04',
     '\xa5', '\x01', '\x09', '\x00', '\x01', '\x43', '\x01', '\x06', '\x00', '\x01', '\x08', '\x02', '\x12', '\x00', '\x10', '\x04', '\x02',
     '\x00', '\x05', '\x02', '\x02', '\x00', '\x04', '\x08', '\x02', '\x12', '\x00', '\x01', '\x14', '\x01', '\x04', '\x00', '\x05', '\x02',
     '\x02', '\x00', '\x04', '\x03', '\x01', '\x0f', '\x00', '\x01', '\x14', '\x01', '\x04', '\x00', '\x00', '\x10', '\x0b', '\x02', '\x00',
     '\x05', '\x02', '\x02', '\x00', '\x04', '\xa5', '\x01', '\x09', '\x00', '\x01', '\x43', '\x01', '\x06', '\x00', '\x02', '\x01', '\x00',
     '\x10', '\x04', '\x02', '\x00', '\x05', '\x02', '\x02', '\x00', '\x04', '\xa5', '\x01', '\x09', '\x00', '\x01', '\xfd', '\x01', '\x09',
     '\x00', '\x01', '\x00', '\x00', '\x00', '\x00', '\x00', '\x10', '\x0b', '\x02', '\x00', '\x05', '\x02', '\x02', '\x00', '\x04', '\xa5',
     '\x01', '\x09', '\x00', '\x01', '\xfd', '\x01', '\x09', '\x00', '\x02', '\x00', '\x00', '\x10', '\x0b', '\x02', '\x00', '\x04', '\xec',
     '\x01', '\x0f', '\x00', '\x02', '\x00', '\x00', '\x10', '\x0c', '\x01', '\x00', '\x05', '\x02', '\x02', '\x00', '\x04', '\x77', '\x01',
     '\x0e', '\x00', '\x01', '\x43', '\x01', '\x06', '\x00', '\x01', '\x1c', '\x02', '\x12', '\x00', '\x10', '\x04', '\x02', '\x00', '\x05',
     '\x02', '\x02', '\x00', '\x04', '\x1c', '\x02', '\x12', '\x00', '\x01', '\x14', '\x01', '\x04', '\x00', '\x05', '\x02', '\x02', '\x00',
     '\x04', '\x03', '\x01', '\x0f', '\x00', '\x01', '\x14', '\x01', '\x04', '\x00', '\x00', '\x10', '\x0b', '\x02', '\x00', '\x05', '\x02',
     '\x02', '\x00', '\x04', '\x77', '\x01', '\x0e', '\x00', '\x01', '\x43', '\x01', '\x06', '\x00', '\x02', '\x01', '\x00', '\x10', '\x04',
     '\x02', '\x00', '\x05', '\x02', '\x02', '\x00', '\x04', '\x77', '\x01', '\x0e', '\x00', '\x01', '\xfd', '\x01', '\x09', '\x00', '\x01',
     '\x00', '\x00', '\x00', '\x00', '\x00', '\x10', '\x0b', '\x02', '\x00', '\x05', '\x02', '\x02', '\x00', '\x04', '\x77', '\x01', '\x0e',
     '\x00', '\x01', '\xfd', '\x01', '\x09', '\x00', '\x02', '\x00', '\x00', '\x10', '\x03', '\x04', '\x00', '\x04', '\x9c', '\x00', '\x0f',
     '\x00', '\x03', '\x07', '\x00', '\x00', '\x00', '\x03', '\x14', '\x00', '\x00', '\x00', '\x02', '\x01', '\x00', '\x10', '\x04', '\x02',
     '\x00', '\x05', '\x06', '\x02', '\x00', '\x05', '\x03', '\x04', '\x00', '\x04', '\x9c', '\x00', '\x0f', '\x00', '\x03', '\x14', '\x00',
     '\x00', '\x00', '\x03', '\x16', '\x00', '\x00', '\x00', '\x02', '\x01', '\x01', '\x00', '\x00', '\x00', '\x00', '\x01', '\x6d', '\x01',
     '\x02', '\x00', '\x00', '\x10', '\x03', '\x04', '\x00', '\x04', '\x9c', '\x00', '\x0f', '\x00', '\x03', '\x07', '\x00', '\x00', '\x00',
     '\x03', '\x15', '\x00', '\x00', '\x00', '\x02', '\x01', '\x00', '\x10', '\x04', '\x02', '\x00', '\x05', '\x06', '\x02', '\x00', '\x05',
     '\x03', '\x04', '\x00', '\x04', '\x9c', '\x00', '\x0f', '\x00', '\x03', '\x15', '\x00', '\x00', '\x00', '\x03', '\x17', '\x00', '\x00',
     '\x00', '\x02', '\x01', '\x01', '\x00', '\x00', '\x00', '\x00', '\x01', '\x6d', '\x01', '\x02', '\x00', '\x00', '\x10', '\x02', '\x02',
     '\x00', '\x04', '\x77', '\x01', '\x0e', '\x00', '\x01', '\x30', '\x02', '\x0d', '\x00', '\x01', '\x3f', '\x02', '\x11', '\x00', '\x10',
     '\x02', '\x02', '\x00', '\x04', '\x77', '\x01', '\x0e', '\x00', '\x01', '\x52', '\x02', '\x0d', '\x00', '\x00', '\x10', '\x04', '\x02',
     '\x00', '\x04', '\x3f', '\x02', '\x11', '\x00', '\x01', '\x61', '\x02', '\x0b', '\x00', '\x00', '\x10', '\x03', '\x04', '\x00', '\x04',
     '\x9c', '\x00', '\x0f', '\x00', '\x03', '\x07', '\x00', '\x00', '\x00', '\x03', '\x1b', '\x00', '\x00', '\x00', '\x02', '\x01', '\x00',
     '\x10', '\x04', '\x02', '\x00', '\x05', '\x06', '\x02', '\x00', '\x05', '\x03', '\x04', '\x00', '\x04', '\x9c', '\x00', '\x0f', '\x00',
     '\x03', '\x1b', '\x00', '\x00', '\x00', '\x03', '\x1d', '\x00', '\x00', '\x00', '\x02', '\x01', '\x01', '\x00', '\x00', '\x00', '\x00',
     '\x01', '\x6d', '\x01', '\x02', '\x00', '\x00', '\x10', '\x02', '\x02', '\x00', '\x04', '\xa5', '\x01', '\x09', '\x00', '\x01', '\x30',
     '\x02', '\x0d', '\x00', '\x01', '\x6e', '\x02', '\x11', '\x00', '\x10', '\x02', '\x02', '\x00', '\x04', '\xa5', '\x01', '\x09', '\x00',
     '\x01', '\x52', '\x02', '\x0d', '\x00', '\x00', '\x10', '\x04', '\x02', '\x00', '\x04', '\x6e', '\x02', '\x11', '\x00', '\x01', '\x81',
     '\x02', '\x06', '\x00', '\x00', '\x10', '\x04', '\x02', '\x00', '\x04', '\x05', '\x00', '\x06', '\x00', '\x05', '\x02', '\x02', '\x00',
     '\x04', '\x22', '\x01', '\x0b', '\x00', '\x01', '\x43', '\x01', '\x06', '\x00', '\x00', '\x3e', '\x00', '\x21', '\x01', '\x89', '\x02',
     '\x1f', '\x00', '\x21', '\x01', '\xaa', '\x02', '\x21', '\x00', '\x21', '\x01', '\xcd', '\x02', '\x32', '\x00', '\x21', '\x01', '\x01',
     '\x03', '\x32', '\x00', '\x21', '\x01', '\x35', '\x03', '\x46', '\x00', '\x20', '\x01', '\x7d', '\x03', '\x28', '\x00', '\xa7', '\x03',
     '\x76', '\x00', '\x00', '\x00', '\x20', '\x01', '\x1f', '\x04', '\x46', '\x00', '\xa7', '\x03', '\x76', '\x00', '\x00', '\x00', '\x20',
     '\x01', '\x67', '\x04', '\x3d', '\x00', '\xa7', '\x03', '\x76', '\x00', '\x00', '\x00', '\x20', '\x01', '\xa6', '\x04', '\x41', '\x00',
     '\xa7', '\x03', '\x76', '\x00', '\x00', '\x00', '\x20', '\x01', '\xe9', '\x04', '\x38', '\x00', '\xa7', '\x03', '\x76', '\x00', '\x00',
     '\x00', '\x21', '\x01', '\x23', '\x05', '\x30', '\x00', '\x21', '\x01', '\x55', '\x05', '\x81', '\x00', '\x21', '\x01', '\xd8', '\x05',
     '\x26', '\x00', '\x20', '\x01', '\x00', '\x06', '\x1e', '\x00', '\x20', '\x06', '\x74', '\x00', '\x00', '\x00', '\x20', '\x01', '\x96',
     '\x06', '\x43', '\x00', '\x20', '\x06', '\x74', '\x00', '\x00', '\x00', '\x20', '\x01', '\xdb', '\x06', '\x3e', '\x00', '\x20', '\x06',
     '\x74', '\x00', '\x00', '\x00', '\x21', '\x01', '\x1b', '\x07', '\x64', '\x00', '\x21', '\x01', '\x81', '\x07', '\x30', '\x00', '\x21',
     '\x01', '\xb3', '\x07', '\x22', '\x00', '\x21', '\x01', '\xd7', '\x07', '\x1d', '\x00', '\x20', '\x01', '\x00', '\x06', '\x1e', '\x00',
     '\xf6', '\x07', '\x6d', '\x00', '\x00', '\x00', '\x21', '\x01', '\x65', '\x08', '\x84', '\x00', '\x21', '\x01', '\xeb', '\x08', '\x7b',
     '\x00', '\x20', '\x01', '\x68', '\x09', '\x58', '\x00', '\xc2', '\x09', '\x85', '\x00', '\x02', '\x00', '\x49', '\x0a', '\x10', '\x00',
     '\x01', '\x00', '\x01', '\x5b', '\x0a', '\x1a', '\x00', '\x77', '\x0a', '\x10', '\x00', '\x01', '\x00', '\x01', '\x89', '\x0a', '\x11',
     '\x00', '\x20', '\x01', '\x9c', '\x0a', '\x4f', '\x00', '\xc2', '\x09', '\x85', '\x00', '\x02', '\x00', '\x49', '\x0a', '\x10', '\x00',
     '\x01', '\x00', '\x01', '\x5b', '\x0a', '\x1a', '\x00', '\x77', '\x0a', '\x10', '\x00', '\x01', '\x00', '\x01', '\x89', '\x0a', '\x11',
     '\x00', '\x20', '\x01', '\xed', '\x0a', '\x53', '\x00', '\xc2', '\x09', '\x85', '\x00', '\x02', '\x00', '\x49', '\x0a', '\x10', '\x00',
     '\x01', '\x00', '\x01', '\x5b', '\x0a', '\x1a', '\x00', '\x77', '\x0a', '\x10', '\x00', '\x01', '\x00', '\x01', '\x89', '\x0a', '\x11',
     '\x00', '\x20', '\x01', '\x7d', '\x03', '\x28', '\x00', '\xc2', '\x09', '\x85', '\x00', '\x02', '\x00', '\x49', '\x0a', '\x10', '\x00',
     '\x01', '\x00', '\x01', '\x5b', '\x0a', '\x1a', '\x00', '\x77', '\x0a', '\x10', '\x00', '\x01', '\x00', '\x01', '\x89', '\x0a', '\x11',
     '\x00', '\x20', '\x01', '\x42', '\x0b', '\x4a', '\x00', '\xc2', '\x09', '\x85', '\x00', '\x02', '\x00', '\x49', '\x0a', '\x10', '\x00',
     '\x01', '\x00', '\x01', '\x5b', '\x0a', '\x1a', '\x00', '\x77', '\x0a', '\x10', '\x00', '\x01', '\x00', '\x01', '\x89', '\x0a', '\x11',
     '\x00', '\x21', '\x01', '\x8e', '\x0b', '\x43', '\x00', '\x21', '\x01', '\xd3', '\x0b', '\x2a', '\x00', '\x21', '\x01', '\xff', '\x0b',
     '\x2c', '\x00', '\x21', '\x01', '\x2d', '\x0c', '\x67', '\x00', '\x21', '\x01', '\x96', '\x0c', '\x1f', '\x00', '\x21', '\x01', '\xb7',
     '\x0c', '\x43', '\x00', '\x21', '\x01', '\xfc', '\x0c', '\x64', '\x00', '\x21', '\x01', '\x62', '\x0d', '\x60', '\x00', '\x21', '\x01',
     '\xc4', '\x0d', '\x27', '\x00', '\x21', '\x01', '\xed', '\x0d', '\x22', '\x00', '\x21', '\x01', '\x11', '\x0e', '\x7f', '\x00', '\x21',
     '\x01', '\x92', '\x0e', '\x76', '\x00', '\x20', '\x01', '\x0a', '\x0f', '\x53', '\x00', '\x5f', '\x0f', '\x80', '\x00', '\x02', '\x00',
     '\x49', '\x0a', '\x10', '\x00', '\x01', '\x00', '\x01', '\xe1', '\x0f', '\x15', '\x00', '\x77', '\x0a', '\x10', '\x00', '\x01', '\x00',
     '\x01', '\xf8', '\x0f', '\x11', '\x00', '\x20', '\x01', '\x0b', '\x10', '\x4a', '\x00', '\x5f', '\x0f', '\x80', '\x00', '\x02', '\x00',
     '\x49', '\x0a', '\x10', '\x00', '\x01', '\x00', '\x01', '\xe1', '\x0f', '\x15', '\x00', '\x77', '\x0a', '\x10', '\x00', '\x01', '\x00',
     '\x01', '\xf8', '\x0f', '\x11', '\x00', '\x20', '\x01', '\x57', '\x10', '\x4e', '\x00', '\x5f', '\x0f', '\x80', '\x00', '\x02', '\x00',
     '\x49', '\x0a', '\x10', '\x00', '\x01', '\x00', '\x01', '\xe1', '\x0f', '\x15', '\x00', '\x77', '\x0a', '\x10', '\x00', '\x01', '\x00',
     '\x01', '\xf8', '\x0f', '\x11', '\x00', '\x20', '\x01', '\x7d', '\x03', '\x28', '\x00', '\x5f', '\x0f', '\x80', '\x00', '\x02', '\x00',
     '\x49', '\x0a', '\x10', '\x00', '\x01', '\x00', '\x01', '\xe1', '\x0f', '\x15', '\x00', '\x77', '\x0a', '\x10', '\x00', '\x01', '\x00',
     '\x01', '\xf8', '\x0f', '\x11', '\x00', '\x20', '\x01', '\xa7', '\x10', '\x45', '\x00', '\x5f', '\x0f', '\x80', '\x00', '\x02', '\x00',
     '\x49', '\x0a', '\x10', '\x00', '\x01', '\x00', '\x01', '\xe1', '\x0f', '\x15', '\x00', '\x77', '\x0a', '\x10', '\x00', '\x01', '\x00',
     '\x01', '\xf8', '\x0f', '\x11', '\x00', '\x21', '\x01', '\xee', '\x10', '\x4b', '\x00', '\x21', '\x01', '\x3b', '\x11', '\x23', '\x00',
     '\x21', '\x01', '\x60', '\x11', '\x62', '\x00', '\x21', '\x01', '\xc4', '\x11', '\x3e', '\x00', '\x21', '\x01', '\x04', '\x12', '\x64',
     '\x00', '\x21', '\x01', '\x6a', '\x12', '\x60', '\x00', '\x20', '\x01', '\xcc', '\x12', '\x34', '\x00', '\xf6', '\x07', '\x6d', '\x00',
     '\x00', '\x00', '\x20', '\x01', '\x7d', '\x03', '\x28', '\x00', '\xf6', '\x07', '\x6d', '\x00', '\x00', '\x00', '\x20', '\x01', '\x02',
     '\x13', '\x52', '\x00', '\xf6', '\x07', '\x6d', '\x00', '\x00', '\x00', '\x20', '\x01', '\x56', '\x13', '\x46', '\x00', '\xf6', '\x07',
     '\x6d', '\x00', '\x00', '\x00', '\x20', '\x01', '\x9e', '\x13', '\x48', '\x00', '\xf6', '\x07', '\x6d', '\x00', '\x00', '\x00', '\x20',
     '\x01', '\xe8', '\x13', '\x3c', '\x00', '\xf6', '\x07', '\x6d', '\x00', '\x00', '\x00', '\x20', '\x01', '\x26', '\x14', '\x4d', '\x00',
     '\xf6', '\x07', '\x6d', '\x00', '\x00', '\x00', '\x20', '\x01', '\x75', '\x14', '\x41', '\x00', '\xf6', '\x07', '\x6d', '\x00', '\x00',
     '\x00', '\x20', '\x01', '\xb8', '\x14', '\x43', '\x00', '\xf6', '\x07', '\x6d', '\x00', '\x00', '\x00', '\x20', '\x01', '\xfd', '\x14',
     '\x37', '\x00', '\xf6', '\x07', '\x6d', '\x00', '\x00', '\x00', '\x21', '\x01', '\x36', '\x15', '\x12', '\x00', '\x02', '\x00', '\x00',
     '\x00', '\xac', '\x01', '\x00', '\x00', '\x10', '\x14', '\x01', '\x00', '\xff', '\xff', '\xff', '\xff', '\x01', '\x00', '\x00', '\x00',
     '\xff', '\xff', '\xff', '\xff', '\x00', '\x00', '\x00', '\x00', '\x03', '\x00', '\x00', '\x00', '\x3e', '\xe1', '\xf5', '\x05', '\x01',
     '\x00', '\x00', '\x00', '\x1b', '\x00', '\x00', '\x00', '\x04', '\x00', '\x00', '\x00', '\x0b', '\x00', '\x00', '\x00', '\x05', '\x00',
     '\x00', '\x00', '\x06', '\x00', '\x00', '\x00', '\x0c', '\x00', '\x00', '\x00', '\x17', '\x00', '\x00', '\x00', '\x06', '\x00', '\x00',
     '\x00', '\x0f', '\x00', '\x00', '\x00', '\x07', '\x00', '\x00', '\x00', '\x08', '\x00', '\x00', '\x00', '\x15', '\x00', '\x00', '\x00',
     '\x11', '\x00', '\x00', '\x00', '\x08', '\x00', '\x00', '\x00', '\x17', '\x00', '\x00', '\x00', '\x09', '\x00', '\x00', '\x00', '\x3e',
     '\xe1', '\xf5', '\x05', '\x18', '\x00', '\x00', '\x00', '\x0a', '\x00', '\x00', '\x00', '\x3e', '\xe1', '\xf5', '\x05', '\x19', '\x00',
     '\x00', '\x00', '\x0b', '\x00', '\x00', '\x00', '\x26', '\xe1', '\xf5', '\x05', '\x1a', '\x00', '\x00', '\x00', '\x26', '\xe1', '\xf5',
     '\x05', '\x0c', '\x00', '\x00', '\x00', '\x1b', '\x00', '\x00', '\x00', '\x0d', '\x00', '\x00', '\x00', '\x26', '\xe1', '\xf5', '\x05',
     '\x1c', '\x00', '\x00', '\x00', '\x0e', '\x00', '\x00', '\x00', '\x25', '\xe1', '\xf5', '\x05', '\x27', '\x00', '\x00', '\x00', '\x33',
     '\xe1', '\xf5', '\x05', '\x0f', '\x00', '\x00', '\x00', '\x28', '\x00', '\x00', '\x00', '\x10', '\x00', '\x00', '\x00', '\x33', '\xe1',
     '\xf5', '\x05', '\x2a', '\x00', '\x00', '\x00', '\x33', '\xe1', '\xf5', '\x05', '\x27', '\xe1', '\xf5', '\x05', '\x16', '\x00', '\x00',
     '\x00', '\x12', '\x00', '\x00', '\x00', '\x26', '\xe1', '\xf5', '\x05', '\x1e', '\x00', '\x00', '\x00', '\x26', '\xe1', '\xf5', '\x05',
     '\x13', '\x00', '\x00', '\x00', '\x1f', '\x00', '\x00', '\x00', '\x14', '\x00', '\x00', '\x00', '\x26', '\xe1', '\xf5', '\x05', '\x20',
     '\x00', '\x00', '\x00', '\x15', '\x00', '\x00', '\x00', '\x25', '\xe1', '\xf5', '\x05', '\x27', '\x00', '\x00', '\x00', '\x24', '\xe1',
     '\xf5', '\x05', '\x16', '\x00', '\x00', '\x00', '\x29', '\x00', '\x00', '\x00', '\x24', '\xe1', '\xf5', '\x05', '\x4e', '\x01', '\x00',
     '\x00', '\x0f', '\x00', '\x00', '\x00', '\x18', '\x00', '\x00', '\x00', '\x19', '\x00', '\x00', '\x00', '\x15', '\x00', '\x00', '\x00',
     '\x84', '\x01', '\x00', '\x00', '\x19', '\x00', '\x00', '\x00', '\x17', '\x00', '\x00', '\x00', '\x1a', '\x00', '\x00', '\x00', '\x3e',
     '\xe1', '\xf5', '\x05', '\x18', '\x00', '\x00', '\x00', '\x7f', '\x01', '\x00', '\x00', '\x3e', '\xe1', '\xf5', '\x05', '\x02', '\x00',
     '\x00', '\x00', '\xd6', '\x00', '\x00', '\x00', '\x1c', '\x00', '\x00', '\x00', '\x04', '\x00', '\x00', '\x00', '\xc9', '\x00', '\x00',
     '\x00', '\x1d', '\x00', '\x00', '\x00', '\x06', '\x00', '\x00', '\x00', '\x1e', '\x00', '\x00', '\x00', '\x21', '\x00', '\x00', '\x00',
     '\x07', '\x00', '\x00', '\x00', '\x1f', '\x00', '\x00', '\x00', '\x21', '\x00', '\x00', '\x00', '\x08', '\x00', '\x00', '\x00', '\x20',
     '\x00', '\x00', '\x00', '\x21', '\x00', '\x00', '\x00', '\x09', '\x00', '\x00', '\x00', '\xc2', '\x00', '\x00', '\x00', '\x21', '\x00',
     '\x00', '\x00', '\x0b', '\x00', '\x00', '\x00', '\x4d', '\x00', '\x00', '\x00', '\x22', '\x00', '\x00', '\x00', '\x0c', '\x00', '\x00',
     '\x00', '\x24', '\x00', '\x00', '\x00', '\x23', '\x00', '\x00', '\x00', '\x0d', '\x00', '\x00', '\x00', '\xa9', '\x00', '\x00', '\x00',
     '\x50', '\x00', '\x00', '\x00', '\x0d', '\x00', '\x00', '\x00', '\x0d', '\xe1', '\xf5', '\x05', '\x25', '\x00', '\x00', '\x00', '\x0f',
     '\x00', '\x00', '\x00', '\x26', '\x00', '\x00', '\x00', '\x28', '\x00', '\x00', '\x00', '\x10', '\x00', '\x00', '\x00', '\x0d', '\xe1',
     '\xf5', '\x05', '\x27', '\x00', '\x00', '\x00', '\x15', '\x00', '\x00', '\x00', '\x3c', '\x00', '\x00', '\x00', '\x28', '\x00', '\x00',
     '\x00', '\x17', '\x00', '\x00', '\x00', '\x29', '\x00', '\x00', '\x00', '\xbc', '\x00', '\x00', '\x00', '\x18', '\x00', '\x00', '\x00',
     '\x2a', '\x00', '\x00', '\x00', '\xbc', '\x00', '\x00', '\x00', '\x19', '\x00', '\x00', '\x00', '\x2b', '\x00', '\x00', '\x00', '\x26',
     '\xe1', '\xf5', '\x05', '\x1a', '\x00', '\x00', '\x00', '\x26', '\xe1', '\xf5', '\x05', '\x2c', '\x00', '\x00', '\x00', '\x1b', '\x00',
     '\x00', '\x00', '\x2d', '\x00', '\x00', '\x00', '\x26', '\xe1', '\xf5', '\x05', '\x1c', '\x00', '\x00', '\x00', '\x2e', '\x00', '\x00',
     '\x00', '\x25', '\xe1', '\xf5', '\x05', '\x21', '\x00', '\x00', '\x00', '\x2f', '\x00', '\x00', '\x00', '\x30', '\x00', '\x00', '\x00',
     '\x26', '\x00', '\x00', '\x00', '\x30', '\x00', '\x00', '\x00', '\x29', '\x01', '\x00', '\x00', '\x27', '\x00', '\x00', '\x00', '\x33',
     '\x00', '\x00', '\x00', '\x31', '\x00', '\x00', '\x00', '\x28', '\x00', '\x00', '\x00', '\x32', '\x00', '\x00', '\x00', '\x33', '\xe1',
     '\xf5', '\x05', '\x2a', '\x00', '\x00', '\x00', '\x34', '\x00', '\x00', '\x00', '\x27', '\xe1', '\xf5', '\x05', '\x28', '\x00', '\x00',
     '\x00', '\x34', '\x00', '\x00', '\x00', '\x33', '\xe1', '\xf5', '\x05', '\x2b', '\x00', '\x00', '\x00', '\x35', '\x00', '\x00', '\x00',
     '\x33', '\xe1', '\xf5', '\x05', '\x2c', '\x00', '\x00', '\x00', '\x36', '\x00', '\x00', '\x00', '\x32', '\xe1', '\xf5', '\x05', '\x2d',
     '\x00', '\x00', '\x00', '\x37', '\x00', '\x00', '\x00', '\x31', '\xe1', '\xf5', '\x05', '\x2e', '\x00', '\x00', '\x00', '\x21', '\xe1',
     '\xf5', '\x05', '\x38', '\x00', '\x00', '\x00', '\x2f', '\x00', '\x00', '\x00', '\x39', '\x00', '\x00', '\x00', '\x30', '\xe1', '\xf5',
     '\x05', '\x3f', '\x00', '\x00', '\x00', '\x3a', '\x00', '\x00', '\x00', '\x1f', '\xe1', '\xf5', '\x05', '\x40', '\x00', '\x00', '\x00',
     '\x3b', '\x00', '\x00', '\x00', '\x2f', '\xe1', '\xf5', '\x05', '\x41', '\x00', '\x00', '\x00', '\x2b', '\xe1', '\xf5', '\x05', '\x2e',
     '\xe1', '\xf5', '\x05', '\x16', '\x00', '\x00', '\x00', '\x3d', '\x00', '\x00', '\x00', '\x26', '\xe1', '\xf5', '\x05', '\x1e', '\x00',
     '\x00', '\x00', '\x26', '\xe1', '\xf5', '\x05', '\x3e', '\x00', '\x00', '\x00', '\x1f', '\x00', '\x00', '\x00', '\x3f', '\x00', '\x00',
     '\x00', '\x26', '\xe1', '\xf5', '\x05', '\x20', '\x00', '\x00', '\x00', '\x40', '\x00', '\x00', '\x00', '\x25', '\xe1', '\xf5', '\x05',
     '\x21', '\x00', '\x00', '\x00', '\x41', '\x00', '\x00', '\x00', '\x42', '\x00', '\x00', '\x00', '\x24', '\x00', '\x00', '\x00', '\x42',
     '\x00', '\x00', '\x00', '\x44', '\x01', '\x00', '\x00', '\x27', '\x00', '\x00', '\x00', '\x44', '\x00', '\x00', '\x00', '\x43', '\x00',
     '\x00', '\x00', '\x29', '\x00', '\x00', '\x00', '\x44', '\x00', '\x00', '\x00', '\x4e', '\x01', '\x00', '\x00', '\x30', '\x00', '\x00',
     '\x00', '\x45', '\x00', '\x00', '\x00', '\x24', '\xe1', '\xf5', '\x05', '\x31', '\x00', '\x00', '\x00', '\x46', '\x00', '\x00', '\x00',
     '\x24', '\xe1', '\xf5', '\x05', '\x32', '\x00', '\x00', '\x00', '\x47', '\x00', '\x00', '\x00', '\x23', '\xe1', '\xf5', '\x05', '\x33',
     '\x00', '\x00', '\x00', '\x48', '\x00', '\x00', '\x00', '\x22', '\xe1', '\xf5', '\x05', '\x34', '\x00', '\x00', '\x00', '\x21', '\xe1',
     '\xf5', '\x05', '\x49', '\x00', '\x00', '\x00', '\x35', '\x00', '\x00', '\x00', '\x4a', '\x00', '\x00', '\x00', '\x20', '\xe1', '\xf5',
     '\x05', '\x3a', '\x00', '\x00', '\x00', '\x4b', '\x00', '\x00', '\x00', '\x1f', '\xe1', '\xf5', '\x05', '\x3b', '\x00', '\x00', '\x00',
     '\x4c', '\x00', '\x00', '\x00', '\x1e', '\xe1', '\xf5', '\x05', '\x3c', '\x00', '\x00', '\x00', '\x1a', '\xe1', '\xf5', '\x05', '\x1d',
     '\xe1', '\xf5', '\x05', '\x0c', '\x00', '\x00', '\x00', '\xb5', '\x00', '\x00', '\x00', '\x4e', '\x00', '\x00', '\x00', '\x0d', '\x00',
     '\x00', '\x00', '\xa8', '\x00', '\x00', '\x00', '\x4f', '\x00', '\x00', '\x00', '\x0e', '\x00', '\x00', '\x00', '\x7e', '\x00', '\x00',
     '\x00', '\x50', '\x00', '\x00', '\x00', '\x0f', '\x00', '\x00', '\x00', '\x51', '\x00', '\x00', '\x00', '\x53', '\x00', '\x00', '\x00',
     '\x10', '\x00', '\x00', '\x00', '\xab', '\x00', '\x00', '\x00', '\x52', '\x00', '\x00', '\x00', '\x15', '\x00', '\x00', '\x00', '\x6d',
     '\x00', '\x00', '\x00', '\x53', '\x00', '\x00', '\x00', '\x17', '\x00', '\x00', '\x00', '\x54', '\x00', '\x00', '\x00', '\x55', '\x00',
     '\x00', '\x00', '\x18', '\x00', '\x00', '\x00', '\x5b', '\x00', '\x00', '\x00', '\x55', '\x00', '\x00', '\x00', '\x21', '\x00', '\x00',
     '\x00', '\x57', '\x00', '\x00', '\x00', '\x56', '\x00', '\x00', '\x00', '\x23', '\x00', '\x00', '\x00', '\x7b', '\x01', '\x00', '\x00',
     '\x59', '\x00', '\x00', '\x00', '\x22', '\x00', '\x00', '\x00', '\x58', '\x00', '\x00', '\x00', '\x7d', '\x01', '\x00', '\x00', '\x23',
     '\x00', '\x00', '\x00', '\x5a', '\x00', '\x00', '\x00', '\x59', '\x00', '\x00', '\x00', '\x25', '\x00', '\x00', '\x00', '\x3d', '\xe1',
     '\xf5', '\x05', '\x0b', '\xe1', '\xf5', '\x05', '\x25', '\x00', '\x00', '\x00', '\x3c', '\xe1', '\xf5', '\x05', '\x0b', '\xe1', '\xf5',
     '\x05', '\x19', '\x00', '\x00', '\x00', '\x5c', '\x00', '\x00', '\x00', '\x26', '\xe1', '\xf5', '\x05', '\x1a', '\x00', '\x00', '\x00',
     '\x26', '\xe1', '\xf5', '\x05', '\x5d', '\x00', '\x00', '\x00', '\x1b', '\x00', '\x00', '\x00', '\x5e', '\x00', '\x00', '\x00', '\x26',
     '\xe1', '\xf5', '\x05', '\x1c', '\x00', '\x00', '\x00', '\x5f', '\x00', '\x00', '\x00', '\x25', '\xe1', '\xf5', '\x05', '\x21', '\x00',
     '\x00', '\x00', '\x60', '\x00', '\x00', '\x00', '\x61', '\x00', '\x00', '\x00', '\x26', '\x00', '\x00', '\x00', '\x61', '\x00', '\x00',
     '\x00', '\x29', '\x01', '\x00', '\x00', '\x27', '\x00', '\x00', '\x00', '\x64', '\x00', '\x00', '\x00', '\x62', '\x00', '\x00', '\x00',
     '\x28', '\x00', '\x00', '\x00', '\x63', '\x00', '\x00', '\x00', '\x33', '\xe1', '\xf5', '\x05', '\x2a', '\x00', '\x00', '\x00', '\x65',
     '\x00', '\x00', '\x00', '\x27', '\xe1', '\xf5', '\x05', '\x28', '\x00', '\x00', '\x00', '\x65', '\x00', '\x00', '\x00', '\x33', '\xe1',
     '\xf5', '\x05', '\x2b', '\x00', '\x00', '\x00', '\x66', '\x00', '\x00', '\x00', '\x33', '\xe1', '\xf5', '\x05', '\x2c', '\x00', '\x00',
     '\x00', '\x67', '\x00', '\x00', '\x00', '\x32', '\xe1', '\xf5', '\x05', '\x2d', '\x00', '\x00', '\x00', '\x68', '\x00', '\x00', '\x00',
     '\x31', '\xe1', '\xf5', '\x05', '\x2e', '\x00', '\x00', '\x00', '\x21', '\xe1', '\xf5', '\x05', '\x69', '\x00', '\x00', '\x00', '\x2f',
     '\x00', '\x00', '\x00', '\x6a', '\x00', '\x00', '\x00', '\x30', '\xe1', '\xf5', '\x05', '\x3f', '\x00', '\x00', '\x00', '\x6b', '\x00',
     '\x00', '\x00', '\x1f', '\xe1', '\xf5', '\x05', '\x40', '\x00', '\x00', '\x00', '\x6c', '\x00', '\x00', '\x00', '\x2f', '\xe1', '\xf5',
     '\x05', '\x41', '\x00', '\x00', '\x00', '\x2d', '\xe1', '\xf5', '\x05', '\x2e', '\xe1', '\xf5', '\x05', '\x16', '\x00', '\x00', '\x00',
     '\x6e', '\x00', '\x00', '\x00', '\x26', '\xe1', '\xf5', '\x05', '\x1e', '\x00', '\x00', '\x00', '\x26', '\xe1', '\xf5', '\x05', '\x6f',
     '\x00', '\x00', '\x00', '\x1f', '\x00', '\x00', '\x00', '\x70', '\x00', '\x00', '\x00', '\x26', '\xe1', '\xf5', '\x05', '\x20', '\x00',
     '\x00', '\x00', '\x71', '\x00', '\x00', '\x00', '\x25', '\xe1', '\xf5', '\x05', '\x21', '\x00', '\x00', '\x00', '\x72', '\x00', '\x00',
     '\x00', '\x73', '\x00', '\x00', '\x00', '\x24', '\x00', '\x00', '\x00', '\x73', '\x00', '\x00', '\x00', '\x44', '\x01', '\x00', '\x00',
     '\x27', '\x00', '\x00', '\x00', '\x75', '\x00', '\x00', '\x00', '\x74', '\x00', '\x00', '\x00', '\x29', '\x00', '\x00', '\x00', '\x75',
     '\x00', '\x00', '\x00', '\x4e', '\x01', '\x00', '\x00', '\x30', '\x00', '\x00', '\x00', '\x76', '\x00', '\x00', '\x00', '\x24', '\xe1',
     '\xf5', '\x05', '\x31', '\x00', '\x00', '\x00', '\x77', '\x00', '\x00', '\x00', '\x24', '\xe1', '\xf5', '\x05', '\x32', '\x00', '\x00',
     '\x00', '\x78', '\x00', '\x00', '\x00', '\x23', '\xe1', '\xf5', '\x05', '\x33', '\x00', '\x00', '\x00', '\x79', '\x00', '\x00', '\x00',
     '\x22', '\xe1', '\xf5', '\x05', '\x34', '\x00', '\x00', '\x00', '\x21', '\xe1', '\xf5', '\x05', '\x7a', '\x00', '\x00', '\x00', '\x35',
     '\x00', '\x00', '\x00', '\x7b', '\x00', '\x00', '\x00', '\x20', '\xe1', '\xf5', '\x05', '\x3a', '\x00', '\x00', '\x00', '\x7c', '\x00',
     '\x00', '\x00', '\x1f', '\xe1', '\xf5', '\x05', '\x3b', '\x00', '\x00', '\x00', '\x7d', '\x00', '\x00', '\x00', '\x1e', '\xe1', '\xf5',
     '\x05', '\x3c', '\x00', '\x00', '\x00', '\x1c', '\xe1', '\xf5', '\x05', '\x1d', '\xe1', '\xf5', '\x05', '\x0f', '\x00', '\x00', '\x00',
     '\x80', '\x00', '\x00', '\x00', '\x7f', '\x00', '\x00', '\x00', '\x14', '\x00', '\x00', '\x00', '\x15', '\xe1', '\xf5', '\x05', '\x83',
     '\x00', '\x00', '\x00', '\x10', '\x00', '\x00', '\x00', '\x0e', '\xe1', '\xf5', '\x05', '\x81', '\x00', '\x00', '\x00', '\x14', '\x00',
     '\x00', '\x00', '\x15', '\xe1', '\xf5', '\x05', '\x82', '\x00', '\x00', '\x00', '\x15', '\x00', '\x00', '\x00', '\x97', '\x00', '\x00',
     '\x00', '\x83', '\x00', '\x00', '\x00', '\x17', '\x00', '\x00', '\x00', '\x84', '\x00', '\x00', '\x00', '\x1d', '\x01', '\x00', '\x00',
     '\x18', '\x00', '\x00', '\x00', '\x85', '\x00', '\x00', '\x00', '\x1d', '\x01', '\x00', '\x00', '\x19', '\x00', '\x00', '\x00', '\x86',
     '\x00', '\x00', '\x00', '\x26', '\xe1', '\xf5', '\x05', '\x1a', '\x00', '\x00', '\x00', '\x26', '\xe1', '\xf5', '\x05', '\x87', '\x00',
     '\x00', '\x00', '\x1b', '\x00', '\x00', '\x00', '\x88', '\x00', '\x00', '\x00', '\x26', '\xe1', '\xf5', '\x05', '\x1c', '\x00', '\x00',
     '\x00', '\x89', '\x00', '\x00', '\x00', '\x25', '\xe1', '\xf5', '\x05', '\x21', '\x00', '\x00', '\x00', '\x8a', '\x00', '\x00', '\x00',
     '\x8b', '\x00', '\x00', '\x00', '\x26', '\x00', '\x00', '\x00', '\x8b', '\x00', '\x00', '\x00', '\x29', '\x01', '\x00', '\x00', '\x27',
     '\x00', '\x00', '\x00', '\x8e', '\x00', '\x00', '\x00', '\x8c', '\x00', '\x00', '\x00', '\x28', '\x00', '\x00', '\x00', '\x8d', '\x00',
     '\x00', '\x00', '\x33', '\xe1', '\xf5', '\x05', '\x2a', '\x00', '\x00', '\x00', '\x8f', '\x00', '\x00', '\x00', '\x27', '\xe1', '\xf5',
     '\x05', '\x28', '\x00', '\x00', '\x00', '\x8f', '\x00', '\x00', '\x00', '\x33', '\xe1', '\xf5', '\x05', '\x2b', '\x00', '\x00', '\x00',
     '\x90', '\x00', '\x00', '\x00', '\x33', '\xe1', '\xf5', '\x05', '\x2c', '\x00', '\x00', '\x00', '\x91', '\x00', '\x00', '\x00', '\x32',
     '\xe1', '\xf5', '\x05', '\x2d', '\x00', '\x00', '\x00', '\x92', '\x00', '\x00', '\x00', '\x31', '\xe1', '\xf5', '\x05', '\x2e', '\x00',
     '\x00', '\x00', '\x21', '\xe1', '\xf5', '\x05', '\x93', '\x00', '\x00', '\x00', '\x2f', '\x00', '\x00', '\x00', '\x94', '\x00', '\x00',
     '\x00', '\x30', '\xe1', '\xf5', '\x05', '\x3f', '\x00', '\x00', '\x00', '\x95', '\x00', '\x00', '\x00', '\x1f', '\xe1', '\xf5', '\x05',
     '\x40', '\x00', '\x00', '\x00', '\x96', '\x00', '\x00', '\x00', '\x2f', '\xe1', '\xf5', '\x05', '\x41', '\x00', '\x00', '\x00', '\x2c',
     '\xe1', '\xf5', '\x05', '\x2e', '\xe1', '\xf5', '\x05', '\x16', '\x00', '\x00', '\x00', '\x98', '\x00', '\x00', '\x00', '\x26', '\xe1',
     '\xf5', '\x05', '\x1e', '\x00', '\x00', '\x00', '\x26', '\xe1', '\xf5', '\x05', '\x99', '\x00', '\x00', '\x00', '\x1f', '\x00', '\x00',
     '\x00', '\x9a', '\x00', '\x00', '\x00', '\x26', '\xe1', '\xf5', '\x05', '\x20', '\x00', '\x00', '\x00', '\x9b', '\x00', '\x00', '\x00',
     '\x25', '\xe1', '\xf5', '\x05', '\x21', '\x00', '\x00', '\x00', '\x9c', '\x00', '\x00', '\x00', '\x9d', '\x00', '\x00', '\x00', '\x24',
     '\x00', '\x00', '\x00', '\x9d', '\x00', '\x00', '\x00', '\x44', '\x01', '\x00', '\x00', '\x27', '\x00', '\x00', '\x00', '\x9f', '\x00',
     '\x00', '\x00', '\x9e', '\x00', '\x00', '\x00', '\x29', '\x00', '\x00', '\x00', '\x9f', '\x00', '\x00', '\x00', '\x4e', '\x01', '\x00',
     '\x00', '\x30', '\x00', '\x00', '\x00', '\xa0', '\x00', '\x00', '\x00', '\x24', '\xe1', '\xf5', '\x05', '\x31', '\x00', '\x00', '\x00',
     '\xa1', '\x00', '\x00', '\x00', '\x24', '\xe1', '\xf5', '\x05', '\x32', '\x00', '\x00', '\x00', '\xa2', '\x00', '\x00', '\x00', '\x23',
     '\xe1', '\xf5', '\x05', '\x33', '\x00', '\x00', '\x00', '\xa3', '\x00', '\x00', '\x00', '\x22', '\xe1', '\xf5', '\x05', '\x34', '\x00',
     '\x00', '\x00', '\x21', '\xe1', '\xf5', '\x05', '\xa4', '\x00', '\x00', '\x00', '\x35', '\x00', '\x00', '\x00', '\xa5', '\x00', '\x00',
     '\x00', '\x20', '\xe1', '\xf5', '\x05', '\x3a', '\x00', '\x00', '\x00', '\xa6', '\x00', '\x00', '\x00', '\x1f', '\xe1', '\xf5', '\x05',
     '\x3b', '\x00', '\x00', '\x00', '\xa7', '\x00', '\x00', '\x00', '\x1e', '\xe1', '\xf5', '\x05', '\x3c', '\x00', '\x00', '\x00', '\x1b',
     '\xe1', '\xf5', '\x05', '\x1d', '\xe1', '\xf5', '\x05', '\x0e', '\x00', '\x00', '\x00', '\x0e', '\xe1', '\xf5', '\x05', '\xa9', '\x00',
     '\x00', '\x00', '\x0f', '\x00', '\x00', '\x00', '\xaa', '\x00', '\x00', '\x00', '\x10', '\xe1', '\xf5', '\x05', '\x10', '\x00', '\x00',
     '\x00', '\xab', '\x00', '\x00', '\x00', '\x10', '\xe1', '\xf5', '\x05', '\x11', '\x00', '\x00', '\x00', '\xac', '\x00', '\x00', '\x00',
     '\xad', '\x00', '\x00', '\x00', '\x12', '\x00', '\x00', '\x00', '\x10', '\xe1', '\xf5', '\x05', '\xad', '\x00', '\x00', '\x00', '\x13',
     '\x00', '\x00', '\x00', '\xae', '\x00', '\x00', '\x00', '\xaf', '\x00', '\x00', '\x00', '\x1d', '\x00', '\x00', '\x00', '\x10', '\xe1',
     '\xf5', '\x05', '\xaf', '\x00', '\x00', '\x00', '\x36', '\x00', '\x00', '\x00', '\xb0', '\x00', '\x00', '\x00', '\xb1', '\x00', '\x00',
     '\x00', '\x37', '\x00', '\x00', '\x00', '\x10', '\xe1', '\xf5', '\x05', '\xb1', '\x00', '\x00', '\x00', '\x38', '\x00', '\x00', '\x00',
     '\xb2', '\x00', '\x00', '\x00', '\xb3', '\x00', '\x00', '\x00', '\x39', '\x00', '\x00', '\x00', '\x10', '\xe1', '\xf5', '\x05', '\xb3',
     '\x00', '\x00', '\x00', '\x3d', '\x00', '\x00', '\x00', '\xb4', '\x00', '\x00', '\x00', '\x12', '\xe1', '\xf5', '\x05', '\x3e', '\x00',
     '\x00', '\x00', '\x10', '\xe1', '\xf5', '\x05', '\x12', '\xe1', '\xf5', '\x05', '\x0d', '\x00', '\x00', '\x00', '\x05', '\xe1', '\xf5',
     '\x05', '\xb6', '\x00', '\x00', '\x00', '\x0e', '\x00', '\x00', '\x00', '\x72', '\x01', '\x00', '\x00', '\xb7', '\x00', '\x00', '\x00',
     '\x0f', '\x00', '\x00', '\x00', '\xb8', '\x00', '\x00', '\x00', '\xba', '\x00', '\x00', '\x00', '\x10', '\x00', '\x00', '\x00', '\x05',
     '\xe1', '\xf5', '\x05', '\xb9', '\x00', '\x00', '\x00', '\x15', '\x00', '\x00', '\x00', '\x84', '\x01', '\x00', '\x00', '\xba', '\x00',
     '\x00', '\x00', '\x17', '\x00', '\x00', '\x00', '\xbb', '\x00', '\x00', '\x00', '\xbc', '\x00', '\x00', '\x00', '\x18', '\x00', '\x00',
     '\x00', '\x7f', '\x01', '\x00', '\x00', '\xbc', '\x00', '\x00', '\x00', '\x21', '\x00', '\x00', '\x00', '\xbe', '\x00', '\x00', '\x00',
     '\xbd', '\x00', '\x00', '\x00', '\x23', '\x00', '\x00', '\x00', '\x7b', '\x01', '\x00', '\x00', '\xc0', '\x00', '\x00', '\x00', '\x22',
     '\x00', '\x00', '\x00', '\xbf', '\x00', '\x00', '\x00', '\x7d', '\x01', '\x00', '\x00', '\x23', '\x00', '\x00', '\x00', '\xc1', '\x00',
     '\x00', '\x00', '\xc0', '\x00', '\x00', '\x00', '\x25', '\x00', '\x00', '\x00', '\x3b', '\xe1', '\xf5', '\x05', '\x0b', '\xe1', '\xf5',
     '\x05', '\x25', '\x00', '\x00', '\x00', '\x3a', '\xe1', '\xf5', '\x05', '\x0b', '\xe1', '\xf5', '\x05', '\x0a', '\x00', '\x00', '\x00',
     '\xc3', '\x00', '\x00', '\x00', '\x11', '\xe1', '\xf5', '\x05', '\x0b', '\x00', '\x00', '\x00', '\xc5', '\x00', '\x00', '\x00', '\xc4',
     '\x00', '\x00', '\x00', '\x0c', '\x00', '\x00', '\x00', '\x8c', '\x01', '\x00', '\x00', '\xc7', '\x00', '\x00', '\x00', '\x0c', '\x00',
     '\x00', '\x00', '\x94', '\x01', '\x00', '\x00', '\xc6', '\x00', '\x00', '\x00', '\x0e', '\x00', '\x00', '\x00', '\x92', '\x01', '\x00',
     '\x00', '\xc7', '\x00', '\x00', '\x00', '\x27', '\x00', '\x00', '\x00', '\x10', '\xe1', '\xf5', '\x05', '\xc8', '\x00', '\x00', '\x00',
     '\x42', '\x00', '\x00', '\x00', '\x10', '\xe1', '\xf5', '\x05', '\x0c', '\xe1', '\xf5', '\x05', '\x05', '\x00', '\x00', '\x00', '\xca',
     '\x00', '\x00', '\x00', '\x97', '\x01', '\x00', '\x00', '\x0b', '\x00', '\x00', '\x00', '\xd0', '\x00', '\x00', '\x00', '\xcb', '\x00',
     '\x00', '\x00', '\x0c', '\x00', '\x00', '\x00', '\xcc', '\x00', '\x00', '\x00', '\xd2', '\x00', '\x00', '\x00', '\x21', '\x00', '\x00',
     '\x00', '\xce', '\x00', '\x00', '\x00', '\xcd', '\x00', '\x00', '\x00', '\x23', '\x00', '\x00', '\x00', '\x02', '\xe1', '\xf5', '\x05',
     '\xcf', '\x00', '\x00', '\x00', '\x22', '\x00', '\x00', '\x00', '\xcf', '\x00', '\x00', '\x00', '\x03', '\xe1', '\xf5', '\x05', '\x25',
     '\x00', '\x00', '\x00', '\x09', '\xe1', '\xf5', '\x05', '\x0b', '\xe1', '\xf5', '\x05', '\x0c', '\x00', '\x00', '\x00', '\xaa', '\x01',
     '\x00', '\x00', '\xd1', '\x00', '\x00', '\x00', '\x0e', '\x00', '\x00', '\x00', '\xa6', '\x01', '\x00', '\x00', '\xd2', '\x00', '\x00',
     '\x00', '\x21', '\x00', '\x00', '\x00', '\xd4', '\x00', '\x00', '\x00', '\xd3', '\x00', '\x00', '\x00', '\x23', '\x00', '\x00', '\x00',
     '\x02', '\xe1', '\xf5', '\x05', '\xd5', '\x00', '\x00', '\x00', '\x22', '\x00', '\x00', '\x00', '\xd5', '\x00', '\x00', '\x00', '\x03',
     '\xe1', '\xf5', '\x05', '\x25', '\x00', '\x00', '\x00', '\x0a', '\xe1', '\xf5', '\x05', '\x0b', '\xe1', '\xf5', '\x05', '\x03', '\x00',
     '\x00', '\x00', '\x01', '\xe1', '\xf5', '\x05', '\xd7', '\x00', '\x00', '\x00', '\x04', '\x00', '\x00', '\x00', '\x96', '\x01', '\x00',
     '\x00', '\xd8', '\x00', '\x00', '\x00', '\x06', '\x00', '\x00', '\x00', '\xd9', '\x00', '\x00', '\x00', '\xdc', '\x00', '\x00', '\x00',
     '\x07', '\x00', '\x00', '\x00', '\xda', '\x00', '\x00', '\x00', '\xdc', '\x00', '\x00', '\x00', '\x08', '\x00', '\x00', '\x00', '\xdb',
     '\x00', '\x00', '\x00', '\xdc', '\x00', '\x00', '\x00', '\x09', '\x00', '\x00', '\x00', '\x89', '\x01', '\x00', '\x00', '\xdc', '\x00',
     '\x00', '\x00', '\x0b', '\x00', '\x00', '\x00', '\x08', '\x01', '\x00', '\x00', '\xdd', '\x00', '\x00', '\x00', '\x0c', '\x00', '\x00',
     '\x00', '\xdf', '\x00', '\x00', '\x00', '\xde', '\x00', '\x00', '\x00', '\x0d', '\x00', '\x00', '\x00', '\x59', '\x01', '\x00', '\x00',
     '\x0b', '\x01', '\x00', '\x00', '\x0d', '\x00', '\x00', '\x00', '\x0d', '\xe1', '\xf5', '\x05', '\xe0', '\x00', '\x00', '\x00', '\x0f',
     '\x00', '\x00', '\x00', '\xe1', '\x00', '\x00', '\x00', '\xe3', '\x00', '\x00', '\x00', '\x10', '\x00', '\x00', '\x00', '\x0d', '\xe1',
     '\xf5', '\x05', '\xe2', '\x00', '\x00', '\x00', '\x15', '\x00', '\x00', '\x00', '\xf7', '\x00', '\x00', '\x00', '\xe3', '\x00', '\x00',
     '\x00', '\x17', '\x00', '\x00', '\x00', '\xe4', '\x00', '\x00', '\x00', '\x6c', '\x01', '\x00', '\x00', '\x18', '\x00', '\x00', '\x00',
     '\xe5', '\x00', '\x00', '\x00', '\x6c', '\x01', '\x00', '\x00', '\x19', '\x00', '\x00', '\x00', '\xe6', '\x00', '\x00', '\x00', '\x26',
     '\xe1', '\xf5', '\x05', '\x1a', '\x00', '\x00', '\x00', '\x26', '\xe1', '\xf5', '\x05', '\xe7', '\x00', '\x00', '\x00', '\x1b', '\x00',
     '\x00', '\x00', '\xe8', '\x00', '\x00', '\x00', '\x26', '\xe1', '\xf5', '\x05', '\x1c', '\x00', '\x00', '\x00', '\xe9', '\x00', '\x00',
     '\x00', '\x25', '\xe1', '\xf5', '\x05', '\x21', '\x00', '\x00', '\x00', '\xea', '\x00', '\x00', '\x00', '\xeb', '\x00', '\x00', '\x00',
     '\x26', '\x00', '\x00', '\x00', '\xeb', '\x00', '\x00', '\x00', '\x29', '\x01', '\x00', '\x00', '\x27', '\x00', '\x00', '\x00', '\xee',
     '\x00', '\x00', '\x00', '\xec', '\x00', '\x00', '\x00', '\x28', '\x00', '\x00', '\x00', '\xed', '\x00', '\x00', '\x00', '\x33', '\xe1',
     '\xf5', '\x05', '\x2a', '\x00', '\x00', '\x00', '\xef', '\x00', '\x00', '\x00', '\x27', '\xe1', '\xf5', '\x05', '\x28', '\x00', '\x00',
     '\x00', '\xef', '\x00', '\x00', '\x00', '\x33', '\xe1', '\xf5', '\x05', '\x2b', '\x00', '\x00', '\x00', '\xf0', '\x00', '\x00', '\x00',
     '\x33', '\xe1', '\xf5', '\x05', '\x2c', '\x00', '\x00', '\x00', '\xf1', '\x00', '\x00', '\x00', '\x32', '\xe1', '\xf5', '\x05', '\x2d',
     '\x00', '\x00', '\x00', '\xf2', '\x00', '\x00', '\x00', '\x31', '\xe1', '\xf5', '\x05', '\x2e', '\x00', '\x00', '\x00', '\x21', '\xe1',
     '\xf5', '\x05', '\xf3', '\x00', '\x00', '\x00', '\x2f', '\x00', '\x00', '\x00', '\xf4', '\x00', '\x00', '\x00', '\x30', '\xe1', '\xf5',
     '\x05', '\x3f', '\x00', '\x00', '\x00', '\xf5', '\x00', '\x00', '\x00', '\x1f', '\xe1', '\xf5', '\x05', '\x40', '\x00', '\x00', '\x00',
     '\xf6', '\x00', '\x00', '\x00', '\x2f', '\xe1', '\xf5', '\x05', '\x41', '\x00', '\x00', '\x00', '\x29', '\xe1', '\xf5', '\x05', '\x2e',
     '\xe1', '\xf5', '\x05', '\x16', '\x00', '\x00', '\x00', '\xf8', '\x00', '\x00', '\x00', '\x26', '\xe1', '\xf5', '\x05', '\x1e', '\x00',
     '\x00', '\x00', '\x26', '\xe1', '\xf5', '\x05', '\xf9', '\x00', '\x00', '\x00', '\x1f', '\x00', '\x00', '\x00', '\xfa', '\x00', '\x00',
     '\x00', '\x26', '\xe1', '\xf5', '\x05', '\x20', '\x00', '\x00', '\x00', '\xfb', '\x00', '\x00', '\x00', '\x25', '\xe1', '\xf5', '\x05',
     '\x21', '\x00', '\x00', '\x00', '\xfc', '\x00', '\x00', '\x00', '\xfd', '\x00', '\x00', '\x00', '\x24', '\x00', '\x00', '\x00', '\xfd',
     '\x00', '\x00', '\x00', '\x44', '\x01', '\x00', '\x00', '\x27', '\x00', '\x00', '\x00', '\xff', '\x00', '\x00', '\x00', '\xfe', '\x00',
     '\x00', '\x00', '\x29', '\x00', '\x00', '\x00', '\xff', '\x00', '\x00', '\x00', '\x4e', '\x01', '\x00', '\x00', '\x30', '\x00', '\x00',
     '\x00', '\x00', '\x01', '\x00', '\x00', '\x24', '\xe1', '\xf5', '\x05', '\x31', '\x00', '\x00', '\x00', '\x01', '\x01', '\x00', '\x00',
     '\x24', '\xe1', '\xf5', '\x05', '\x32', '\x00', '\x00', '\x00', '\x02', '\x01', '\x00', '\x00', '\x23', '\xe1', '\xf5', '\x05', '\x33',
     '\x00', '\x00', '\x00', '\x03', '\x01', '\x00', '\x00', '\x22', '\xe1', '\xf5', '\x05', '\x34', '\x00', '\x00', '\x00', '\x21', '\xe1',
     '\xf5', '\x05', '\x04', '\x01', '\x00', '\x00', '\x35', '\x00', '\x00', '\x00', '\x05', '\x01', '\x00', '\x00', '\x20', '\xe1', '\xf5',
     '\x05', '\x3a', '\x00', '\x00', '\x00', '\x06', '\x01', '\x00', '\x00', '\x1f', '\xe1', '\xf5', '\x05', '\x3b', '\x00', '\x00', '\x00',
     '\x07', '\x01', '\x00', '\x00', '\x1e', '\xe1', '\xf5', '\x05', '\x3c', '\x00', '\x00', '\x00', '\x18', '\xe1', '\xf5', '\x05', '\x1d',
     '\xe1', '\xf5', '\x05', '\x0c', '\x00', '\x00', '\x00', '\x65', '\x01', '\x00', '\x00', '\x09', '\x01', '\x00', '\x00', '\x0d', '\x00',
     '\x00', '\x00', '\x58', '\x01', '\x00', '\x00', '\x0a', '\x01', '\x00', '\x00', '\x0e', '\x00', '\x00', '\x00', '\x16', '\x01', '\x00',
     '\x00', '\x0b', '\x01', '\x00', '\x00', '\x0f', '\x00', '\x00', '\x00', '\x0c', '\x01', '\x00', '\x00', '\x0e', '\x01', '\x00', '\x00',
     '\x10', '\x00', '\x00', '\x00', '\x5b', '\x01', '\x00', '\x00', '\x0d', '\x01', '\x00', '\x00', '\x15', '\x00', '\x00', '\x00', '\x3e',
     '\x01', '\x00', '\x00', '\x0e', '\x01', '\x00', '\x00', '\x17', '\x00', '\x00', '\x00', '\x0f', '\x01', '\x00', '\x00', '\x10', '\x01',
     '\x00', '\x00', '\x18', '\x00', '\x00', '\x00', '\x23', '\x01', '\x00', '\x00', '\x10', '\x01', '\x00', '\x00', '\x21', '\x00', '\x00',
     '\x00', '\x12', '\x01', '\x00', '\x00', '\x11', '\x01', '\x00', '\x00', '\x23', '\x00', '\x00', '\x00', '\x7b', '\x01', '\x00', '\x00',
     '\x14', '\x01', '\x00', '\x00', '\x22', '\x00', '\x00', '\x00', '\x13', '\x01', '\x00', '\x00', '\x7d', '\x01', '\x00', '\x00', '\x23',
     '\x00', '\x00', '\x00', '\x15', '\x01', '\x00', '\x00', '\x14', '\x01', '\x00', '\x00', '\x25', '\x00', '\x00', '\x00', '\x39', '\xe1',
     '\xf5', '\x05', '\x0b', '\xe1', '\xf5', '\x05', '\x25', '\x00', '\x00', '\x00', '\x38', '\xe1', '\xf5', '\x05', '\x0b', '\xe1', '\xf5',
     '\x05', '\x0f', '\x00', '\x00', '\x00', '\x18', '\x01', '\x00', '\x00', '\x17', '\x01', '\x00', '\x00', '\x14', '\x00', '\x00', '\x00',
     '\x14', '\xe1', '\xf5', '\x05', '\x1b', '\x01', '\x00', '\x00', '\x10', '\x00', '\x00', '\x00', '\x0e', '\xe1', '\xf5', '\x05', '\x19',
     '\x01', '\x00', '\x00', '\x14', '\x00', '\x00', '\x00', '\x14', '\xe1', '\xf5', '\x05', '\x1a', '\x01', '\x00', '\x00', '\x15', '\x00',
     '\x00', '\x00', '\x3e', '\x01', '\x00', '\x00', '\x1b', '\x01', '\x00', '\x00', '\x17', '\x00', '\x00', '\x00', '\x1c', '\x01', '\x00',
     '\x00', '\x1d', '\x01', '\x00', '\x00', '\x18', '\x00', '\x00', '\x00', '\x23', '\x01', '\x00', '\x00', '\x1d', '\x01', '\x00', '\x00',
     '\x21', '\x00', '\x00', '\x00', '\x1f', '\x01', '\x00', '\x00', '\x1e', '\x01', '\x00', '\x00', '\x23', '\x00', '\x00', '\x00', '\x7b',
     '\x01', '\x00', '\x00', '\x21', '\x01', '\x00', '\x00', '\x22', '\x00', '\x00', '\x00', '\x20', '\x01', '\x00', '\x00', '\x7d', '\x01',
     '\x00', '\x00', '\x23', '\x00', '\x00', '\x00', '\x22', '\x01', '\x00', '\x00', '\x21', '\x01', '\x00', '\x00', '\x25', '\x00', '\x00',
     '\x00', '\x35', '\xe1', '\xf5', '\x05', '\x0b', '\xe1', '\xf5', '\x05', '\x25', '\x00', '\x00', '\x00', '\x34', '\xe1', '\xf5', '\x05',
     '\x0b', '\xe1', '\xf5', '\x05', '\x19', '\x00', '\x00', '\x00', '\x24', '\x01', '\x00', '\x00', '\x26', '\xe1', '\xf5', '\x05', '\x1a',
     '\x00', '\x00', '\x00', '\x26', '\xe1', '\xf5', '\x05', '\x25', '\x01', '\x00', '\x00', '\x1b', '\x00', '\x00', '\x00', '\x26', '\x01',
     '\x00', '\x00', '\x26', '\xe1', '\xf5', '\x05', '\x1c', '\x00', '\x00', '\x00', '\x27', '\x01', '\x00', '\x00', '\x25', '\xe1', '\xf5',
     '\x05', '\x21', '\x00', '\x00', '\x00', '\x28', '\x01', '\x00', '\x00', '\x32', '\x01', '\x00', '\x00', '\x26', '\x00', '\x00', '\x00',
     '\x32', '\x01', '\x00', '\x00', '\x29', '\x01', '\x00', '\x00', '\x27', '\x00', '\x00', '\x00', '\x2c', '\x01', '\x00', '\x00', '\x2a',
     '\x01', '\x00', '\x00', '\x28', '\x00', '\x00', '\x00', '\x2b', '\x01', '\x00', '\x00', '\x33', '\xe1', '\xf5', '\x05', '\x2a', '\x00',
     '\x00', '\x00', '\x2d', '\x01', '\x00', '\x00', '\x27', '\xe1', '\xf5', '\x05', '\x28', '\x00', '\x00', '\x00', '\x2d', '\x01', '\x00',
     '\x00', '\x33', '\xe1', '\xf5', '\x05', '\x2b', '\x00', '\x00', '\x00', '\x2e', '\x01', '\x00', '\x00', '\x33', '\xe1', '\xf5', '\x05',
     '\x2c', '\x00', '\x00', '\x00', '\x2f', '\x01', '\x00', '\x00', '\x32', '\xe1', '\xf5', '\x05', '\x2d', '\x00', '\x00', '\x00', '\x30',
     '\x01', '\x00', '\x00', '\x31', '\xe1', '\xf5', '\x05', '\x2e', '\x00', '\x00', '\x00', '\x21', '\xe1', '\xf5', '\x05', '\x31', '\x01',
     '\x00', '\x00', '\x2f', '\x00', '\x00', '\x00', '\x28', '\xe1', '\xf5', '\x05', '\x30', '\xe1', '\xf5', '\x05', '\x27', '\x00', '\x00',
     '\x00', '\x35', '\x01', '\x00', '\x00', '\x33', '\x01', '\x00', '\x00', '\x28', '\x00', '\x00', '\x00', '\x34', '\x01', '\x00', '\x00',
     '\x33', '\xe1', '\xf5', '\x05', '\x2a', '\x00', '\x00', '\x00', '\x36', '\x01', '\x00', '\x00', '\x27', '\xe1', '\xf5', '\x05', '\x28',
     '\x00', '\x00', '\x00', '\x36', '\x01', '\x00', '\x00', '\x33', '\xe1', '\xf5', '\x05', '\x2b', '\x00', '\x00', '\x00', '\x37', '\x01',
     '\x00', '\x00', '\x33', '\xe1', '\xf5', '\x05', '\x2c', '\x00', '\x00', '\x00', '\x38', '\x01', '\x00', '\x00', '\x32', '\xe1', '\xf5',
     '\x05', '\x2d', '\x00', '\x00', '\x00', '\x39', '\x01', '\x00', '\x00', '\x31', '\xe1', '\xf5', '\x05', '\x2e', '\x00', '\x00', '\x00',
     '\x21', '\xe1', '\xf5', '\x05', '\x3a', '\x01', '\x00', '\x00', '\x2f', '\x00', '\x00', '\x00', '\x3b', '\x01', '\x00', '\x00', '\x30',
     '\xe1', '\xf5', '\x05', '\x3f', '\x00', '\x00', '\x00', '\x3c', '\x01', '\x00', '\x00', '\x1f', '\xe1', '\xf5', '\x05', '\x40', '\x00',
     '\x00', '\x00', '\x3d', '\x01', '\x00', '\x00', '\x2f', '\xe1', '\xf5', '\x05', '\x41', '\x00', '\x00', '\x00', '\x2a', '\xe1', '\xf5',
     '\x05', '\x2e', '\xe1', '\xf5', '\x05', '\x16', '\x00', '\x00', '\x00', '\x3f', '\x01', '\x00', '\x00', '\x26', '\xe1', '\xf5', '\x05',
     '\x1e', '\x00', '\x00', '\x00', '\x26', '\xe1', '\xf5', '\x05', '\x40', '\x01', '\x00', '\x00', '\x1f', '\x00', '\x00', '\x00', '\x41',
     '\x01', '\x00', '\x00', '\x26', '\xe1', '\xf5', '\x05', '\x20', '\x00', '\x00', '\x00', '\x42', '\x01', '\x00', '\x00', '\x25', '\xe1',
     '\xf5', '\x05', '\x21', '\x00', '\x00', '\x00', '\x43', '\x01', '\x00', '\x00', '\x4c', '\x01', '\x00', '\x00', '\x24', '\x00', '\x00',
     '\x00', '\x4c', '\x01', '\x00', '\x00', '\x44', '\x01', '\x00', '\x00', '\x27', '\x00', '\x00', '\x00', '\x46', '\x01', '\x00', '\x00',
     '\x45', '\x01', '\x00', '\x00', '\x29', '\x00', '\x00', '\x00', '\x46', '\x01', '\x00', '\x00', '\x4e', '\x01', '\x00', '\x00', '\x30',
     '\x00', '\x00', '\x00', '\x47', '\x01', '\x00', '\x00', '\x24', '\xe1', '\xf5', '\x05', '\x31', '\x00', '\x00', '\x00', '\x48', '\x01',
     '\x00', '\x00', '\x24', '\xe1', '\xf5', '\x05', '\x32', '\x00', '\x00', '\x00', '\x49', '\x01', '\x00', '\x00', '\x23', '\xe1', '\xf5',
     '\x05', '\x33', '\x00', '\x00', '\x00', '\x4a', '\x01', '\x00', '\x00', '\x22', '\xe1', '\xf5', '\x05', '\x34', '\x00', '\x00', '\x00',
     '\x21', '\xe1', '\xf5', '\x05', '\x4b', '\x01', '\x00', '\x00', '\x35', '\x00', '\x00', '\x00', '\x17', '\xe1', '\xf5', '\x05', '\x20',
     '\xe1', '\xf5', '\x05', '\x27', '\x00', '\x00', '\x00', '\x4f', '\x01', '\x00', '\x00', '\x4d', '\x01', '\x00', '\x00', '\x29', '\x00',
     '\x00', '\x00', '\x4f', '\x01', '\x00', '\x00', '\x4e', '\x01', '\x00', '\x00', '\x30', '\x00', '\x00', '\x00', '\x16', '\xe1', '\xf5',
     '\x05', '\x24', '\xe1', '\xf5', '\x05', '\x30', '\x00', '\x00', '\x00', '\x50', '\x01', '\x00', '\x00', '\x24', '\xe1', '\xf5', '\x05',
     '\x31', '\x00', '\x00', '\x00', '\x51', '\x01', '\x00', '\x00', '\x24', '\xe1', '\xf5', '\x05', '\x32', '\x00', '\x00', '\x00', '\x52',
     '\x01', '\x00', '\x00', '\x23', '\xe1', '\xf5', '\x05', '\x33', '\x00', '\x00', '\x00', '\x53', '\x01', '\x00', '\x00', '\x22', '\xe1',
     '\xf5', '\x05', '\x34', '\x00', '\x00', '\x00', '\x21', '\xe1', '\xf5', '\x05', '\x54', '\x01', '\x00', '\x00', '\x35', '\x00', '\x00',
     '\x00', '\x55', '\x01', '\x00', '\x00', '\x20', '\xe1', '\xf5', '\x05', '\x3a', '\x00', '\x00', '\x00', '\x56', '\x01', '\x00', '\x00',
     '\x1f', '\xe1', '\xf5', '\x05', '\x3b', '\x00', '\x00', '\x00', '\x57', '\x01', '\x00', '\x00', '\x1e', '\xe1', '\xf5', '\x05', '\x3c',
     '\x00', '\x00', '\x00', '\x19', '\xe1', '\xf5', '\x05', '\x1d', '\xe1', '\xf5', '\x05', '\x0e', '\x00', '\x00', '\x00', '\x0e', '\xe1',
     '\xf5', '\x05', '\x59', '\x01', '\x00', '\x00', '\x0f', '\x00', '\x00', '\x00', '\x5a', '\x01', '\x00', '\x00', '\x0f', '\xe1', '\xf5',
     '\x05', '\x10', '\x00', '\x00', '\x00', '\x5b', '\x01', '\x00', '\x00', '\x0f', '\xe1', '\xf5', '\x05', '\x11', '\x00', '\x00', '\x00',
     '\x5c', '\x01', '\x00', '\x00', '\x5d', '\x01', '\x00', '\x00', '\x12', '\x00', '\x00', '\x00', '\x0f', '\xe1', '\xf5', '\x05', '\x5d',
     '\x01', '\x00', '\x00', '\x13', '\x00', '\x00', '\x00', '\x5e', '\x01', '\x00', '\x00', '\x5f', '\x01', '\x00', '\x00', '\x1d', '\x00',
     '\x00', '\x00', '\x0f', '\xe1', '\xf5', '\x05', '\x5f', '\x01', '\x00', '\x00', '\x36', '\x00', '\x00', '\x00', '\x60', '\x01', '\x00',
     '\x00', '\x61', '\x01', '\x00', '\x00', '\x37', '\x00', '\x00', '\x00', '\x0f', '\xe1', '\xf5', '\x05', '\x61', '\x01', '\x00', '\x00',
     '\x38', '\x00', '\x00', '\x00', '\x62', '\x01', '\x00', '\x00', '\x63', '\x01', '\x00', '\x00', '\x39', '\x00', '\x00', '\x00', '\x0f',
     '\xe1', '\xf5', '\x05', '\x63', '\x01', '\x00', '\x00', '\x3d', '\x00', '\x00', '\x00', '\x64', '\x01', '\x00', '\x00', '\x12', '\xe1',
     '\xf5', '\x05', '\x3e', '\x00', '\x00', '\x00', '\x0f', '\xe1', '\xf5', '\x05', '\x12', '\xe1', '\xf5', '\x05', '\x0d', '\x00', '\x00',
     '\x00', '\x05', '\xe1', '\xf5', '\x05', '\x66', '\x01', '\x00', '\x00', '\x0e', '\x00', '\x00', '\x00', '\x72', '\x01', '\x00', '\x00',
     '\x67', '\x01', '\x00', '\x00', '\x0f', '\x00', '\x00', '\x00', '\x68', '\x01', '\x00', '\x00', '\x6a', '\x01', '\x00', '\x00', '\x10',
     '\x00', '\x00', '\x00', '\x05', '\xe1', '\xf5', '\x05', '\x69', '\x01', '\x00', '\x00', '\x15', '\x00', '\x00', '\x00', '\x84', '\x01',
     '\x00', '\x00', '\x6a', '\x01', '\x00', '\x00', '\x17', '\x00', '\x00', '\x00', '\x6b', '\x01', '\x00', '\x00', '\x6c', '\x01', '\x00',
     '\x00', '\x18', '\x00', '\x00', '\x00', '\x7f', '\x01', '\x00', '\x00', '\x6c', '\x01', '\x00', '\x00', '\x21', '\x00', '\x00', '\x00',
     '\x6e', '\x01', '\x00', '\x00', '\x6d', '\x01', '\x00', '\x00', '\x23', '\x00', '\x00', '\x00', '\x7b', '\x01', '\x00', '\x00', '\x70',
     '\x01', '\x00', '\x00', '\x22', '\x00', '\x00', '\x00', '\x6f', '\x01', '\x00', '\x00', '\x7d', '\x01', '\x00', '\x00', '\x23', '\x00',
     '\x00', '\x00', '\x71', '\x01', '\x00', '\x00', '\x70', '\x01', '\x00', '\x00', '\x25', '\x00', '\x00', '\x00', '\x37', '\xe1', '\xf5',
     '\x05', '\x0b', '\xe1', '\xf5', '\x05', '\x25', '\x00', '\x00', '\x00', '\x36', '\xe1', '\xf5', '\x05', '\x0b', '\xe1', '\xf5', '\x05',
     '\x0f', '\x00', '\x00', '\x00', '\x74', '\x01', '\x00', '\x00', '\x73', '\x01', '\x00', '\x00', '\x14', '\x00', '\x00', '\x00', '\x13',
     '\xe1', '\xf5', '\x05', '\x77', '\x01', '\x00', '\x00', '\x10', '\x00', '\x00', '\x00', '\x05', '\xe1', '\xf5', '\x05', '\x75', '\x01',
     '\x00', '\x00', '\x14', '\x00', '\x00', '\x00', '\x13', '\xe1', '\xf5', '\x05', '\x76', '\x01', '\x00', '\x00', '\x15', '\x00', '\x00',
     '\x00', '\x84', '\x01', '\x00', '\x00', '\x77', '\x01', '\x00', '\x00', '\x17', '\x00', '\x00', '\x00', '\x78', '\x01', '\x00', '\x00',
     '\x79', '\x01', '\x00', '\x00', '\x18', '\x00', '\x00', '\x00', '\x7f', '\x01', '\x00', '\x00', '\x79', '\x01', '\x00', '\x00', '\x21',
     '\x00', '\x00', '\x00', '\x7c', '\x01', '\x00', '\x00', '\x7a', '\x01', '\x00', '\x00', '\x23', '\x00', '\x00', '\x00', '\x7b', '\x01',
     '\x00', '\x00', '\x7e', '\x01', '\x00', '\x00', '\x25', '\x00', '\x00', '\x00', '\x02', '\xe1', '\xf5', '\x05', '\x0b', '\xe1', '\xf5',
     '\x05', '\x22', '\x00', '\x00', '\x00', '\x7e', '\x01', '\x00', '\x00', '\x7d', '\x01', '\x00', '\x00', '\x25', '\x00', '\x00', '\x00',
     '\x03', '\xe1', '\xf5', '\x05', '\x0b', '\xe1', '\xf5', '\x05', '\x25', '\x00', '\x00', '\x00', '\x05', '\xe1', '\xf5', '\x05', '\x0b',
     '\xe1', '\xf5', '\x05', '\x19', '\x00', '\x00', '\x00', '\x80', '\x01', '\x00', '\x00', '\x26', '\xe1', '\xf5', '\x05', '\x1a', '\x00',
     '\x00', '\x00', '\x26', '\xe1', '\xf5', '\x05', '\x81', '\x01', '\x00', '\x00', '\x1b', '\x00', '\x00', '\x00', '\x82', '\x01', '\x00',
     '\x00', '\x26', '\xe1', '\xf5', '\x05', '\x1c', '\x00', '\x00', '\x00', '\x83', '\x01', '\x00', '\x00', '\x25', '\xe1', '\xf5', '\x05',
     '\x28', '\x00', '\x00', '\x00', '\x05', '\xe1', '\xf5', '\x05', '\x33', '\xe1', '\xf5', '\x05', '\x16', '\x00', '\x00', '\x00', '\x85',
     '\x01', '\x00', '\x00', '\x26', '\xe1', '\xf5', '\x05', '\x1e', '\x00', '\x00', '\x00', '\x26', '\xe1', '\xf5', '\x05', '\x86', '\x01',
     '\x00', '\x00', '\x1f', '\x00', '\x00', '\x00', '\x87', '\x01', '\x00', '\x00', '\x26', '\xe1', '\xf5', '\x05', '\x20', '\x00', '\x00',
     '\x00', '\x88', '\x01', '\x00', '\x00', '\x25', '\xe1', '\xf5', '\x05', '\x30', '\x00', '\x00', '\x00', '\x05', '\xe1', '\xf5', '\x05',
     '\x24', '\xe1', '\xf5', '\x05', '\x0a', '\x00', '\x00', '\x00', '\x8a', '\x01', '\x00', '\x00', '\x11', '\xe1', '\xf5', '\x05', '\x0b',
     '\x00', '\x00', '\x00', '\x8e', '\x01', '\x00', '\x00', '\x8b', '\x01', '\x00', '\x00', '\x0c', '\x00', '\x00', '\x00', '\x8c', '\x01',
     '\x00', '\x00', '\x90', '\x01', '\x00', '\x00', '\x27', '\x00', '\x00', '\x00', '\x0d', '\xe1', '\xf5', '\x05', '\x8d', '\x01', '\x00',
     '\x00', '\x42', '\x00', '\x00', '\x00', '\x0d', '\xe1', '\xf5', '\x05', '\x0c', '\xe1', '\xf5', '\x05', '\x0c', '\x00', '\x00', '\x00',
     '\x94', '\x01', '\x00', '\x00', '\x8f', '\x01', '\x00', '\x00', '\x0e', '\x00', '\x00', '\x00', '\x92', '\x01', '\x00', '\x00', '\x90',
     '\x01', '\x00', '\x00', '\x27', '\x00', '\x00', '\x00', '\x0f', '\xe1', '\xf5', '\x05', '\x91', '\x01', '\x00', '\x00', '\x42', '\x00',
     '\x00', '\x00', '\x0f', '\xe1', '\xf5', '\x05', '\x0c', '\xe1', '\xf5', '\x05', '\x27', '\x00', '\x00', '\x00', '\x0e', '\xe1', '\xf5',
     '\x05', '\x93', '\x01', '\x00', '\x00', '\x42', '\x00', '\x00', '\x00', '\x0e', '\xe1', '\xf5', '\x05', '\x0c', '\xe1', '\xf5', '\x05',
     '\x27', '\x00', '\x00', '\x00', '\x05', '\xe1', '\xf5', '\x05', '\x95', '\x01', '\x00', '\x00', '\x42', '\x00', '\x00', '\x00', '\x05',
     '\xe1', '\xf5', '\x05', '\x0c', '\xe1', '\xf5', '\x05', '\x05', '\x00', '\x00', '\x00', '\x9a', '\x01', '\x00', '\x00', '\x97', '\x01',
     '\x00', '\x00', '\x21', '\x00', '\x00', '\x00', '\x99', '\x01', '\x00', '\x00', '\x98', '\x01', '\x00', '\x00', '\x23', '\x00', '\x00',
     '\x00', '\x02', '\xe1', '\xf5', '\x05', '\x04', '\xe1', '\xf5', '\x05', '\x22', '\x00', '\x00', '\x00', '\x04', '\xe1', '\xf5', '\x05',
     '\x03', '\xe1', '\xf5', '\x05', '\x0b', '\x00', '\x00', '\x00', '\xa0', '\x01', '\x00', '\x00', '\x9b', '\x01', '\x00', '\x00', '\x0c',
     '\x00', '\x00', '\x00', '\x9c', '\x01', '\x00', '\x00', '\xa2', '\x01', '\x00', '\x00', '\x21', '\x00', '\x00', '\x00', '\x9e', '\x01',
     '\x00', '\x00', '\x9d', '\x01', '\x00', '\x00', '\x23', '\x00', '\x00', '\x00', '\x02', '\xe1', '\xf5', '\x05', '\x9f', '\x01', '\x00',
     '\x00', '\x22', '\x00', '\x00', '\x00', '\x9f', '\x01', '\x00', '\x00', '\x03', '\xe1', '\xf5', '\x05', '\x25', '\x00', '\x00', '\x00',
     '\x07', '\xe1', '\xf5', '\x05', '\x0b', '\xe1', '\xf5', '\x05', '\x0c', '\x00', '\x00', '\x00', '\xaa', '\x01', '\x00', '\x00', '\xa1',
     '\x01', '\x00', '\x00', '\x0e', '\x00', '\x00', '\x00', '\xa6', '\x01', '\x00', '\x00', '\xa2', '\x01', '\x00', '\x00', '\x21', '\x00',
     '\x00', '\x00', '\xa4', '\x01', '\x00', '\x00', '\xa3', '\x01', '\x00', '\x00', '\x23', '\x00', '\x00', '\x00', '\x02', '\xe1', '\xf5',
     '\x05', '\xa5', '\x01', '\x00', '\x00', '\x22', '\x00', '\x00', '\x00', '\xa5', '\x01', '\x00', '\x00', '\x03', '\xe1', '\xf5', '\x05',
     '\x25', '\x00', '\x00', '\x00', '\x08', '\xe1', '\xf5', '\x05', '\x0b', '\xe1', '\xf5', '\x05', '\x21', '\x00', '\x00', '\x00', '\xa8',
     '\x01', '\x00', '\x00', '\xa7', '\x01', '\x00', '\x00', '\x23', '\x00', '\x00', '\x00', '\x02', '\xe1', '\xf5', '\x05', '\xa9', '\x01',
     '\x00', '\x00', '\x22', '\x00', '\x00', '\x00', '\xa9', '\x01', '\x00', '\x00', '\x03', '\xe1', '\xf5', '\x05', '\x25', '\x00', '\x00',
     '\x00', '\x06', '\xe1', '\xf5', '\x05', '\x0b', '\xe1', '\xf5', '\x05', '\x21', '\x00', '\x00', '\x00', '\xac', '\x01', '\x00', '\x00',
     '\xab', '\x01', '\x00', '\x00', '\x23', '\x00', '\x00', '\x00', '\x02', '\xe1', '\xf5', '\x05', '\x05', '\xe1', '\xf5', '\x05', '\x22',
     '\x00', '\x00', '\x00', '\x05', '\xe1', '\xf5', '\x05', '\x03', '\xe1', '\xf5', '\x05'}};

const char* S3ControlEndpointRules::GetRulesBlob() { return RulesBlob.data(); }
}  // namespace S3Control
}  // namespace Aws
